-- phpMyAdmin SQL Dump
-- version 5.2.1
-- https://www.phpmyadmin.net/
--
-- Host: localhost
-- Generation Time: Dec 08, 2025 at 09:37 AM
-- Server version: 10.4.32-MariaDB
-- PHP Version: 8.2.12

SET SQL_MODE = "NO_AUTO_VALUE_ON_ZERO";
START TRANSACTION;
SET time_zone = "+00:00";


/*!40101 SET @OLD_CHARACTER_SET_CLIENT=@@CHARACTER_SET_CLIENT */;
/*!40101 SET @OLD_CHARACTER_SET_RESULTS=@@CHARACTER_SET_RESULTS */;
/*!40101 SET @OLD_COLLATION_CONNECTION=@@COLLATION_CONNECTION */;
/*!40101 SET NAMES utf8mb4 */;

--
-- Database: `narrowway_traffic_db`
--

-- --------------------------------------------------------

--
-- Table structure for table `delays`
--

CREATE TABLE `delays` (
  `id` int(11) NOT NULL,
  `admin_id` int(11) NOT NULL,
  `delay` int(11) NOT NULL DEFAULT 7
) ENGINE=InnoDB DEFAULT CHARSET=utf8mb4 COLLATE=utf8mb4_general_ci;

--
-- Dumping data for table `delays`
--

INSERT INTO `delays` (`id`, `admin_id`, `delay`) VALUES
(1, 2, 13),
(22, 246, 7),
(23, 254, 7);

-- --------------------------------------------------------

--
-- Table structure for table `ip_addresses`
--

CREATE TABLE `ip_addresses` (
  `id` int(11) NOT NULL,
  `admin_id` int(11) NOT NULL,
  `ip_address_1` varchar(12) NOT NULL,
  `ip_address_2` varchar(12) NOT NULL
) ENGINE=InnoDB DEFAULT CHARSET=utf8mb4 COLLATE=utf8mb4_general_ci;

--
-- Dumping data for table `ip_addresses`
--

INSERT INTO `ip_addresses` (`id`, `admin_id`, `ip_address_1`, `ip_address_2`) VALUES
(1, 2, '10.42.0.76', '10.42.0.131'),
(2, 25, '2.2.2.2', '2.2.2.1'),
(3, 100, '2.2.2.2', '2.2.2.1'),
(4, 207, '2.2.2.2', '3.3.3.3'),
(5, 210, '2.2.2.2', '1.1.1.1'),
(6, 211, '192.168.1.5', '192.168.2.1'),
(7, 229, '10.42.0.76', '10.42.0.131'),
(8, 241, '1.1.1.1', '2.2.2.2'),
(9, 243, '10.42.0.76', '10.42.0.131'),
(10, 246, '10.42.0.76', '10.42.0.131');

-- --------------------------------------------------------

--
-- Table structure for table `refresh_tokens`
--

CREATE TABLE `refresh_tokens` (
  `id` int(11) NOT NULL,
  `user_id` int(11) NOT NULL,
  `token` varchar(255) NOT NULL,
  `expires_at` timestamp NOT NULL DEFAULT current_timestamp() ON UPDATE current_timestamp(),
  `created_at` timestamp NOT NULL DEFAULT current_timestamp()
) ENGINE=InnoDB DEFAULT CHARSET=utf8mb4 COLLATE=utf8mb4_general_ci;

--
-- Dumping data for table `refresh_tokens`
--

INSERT INTO `refresh_tokens` (`id`, `user_id`, `token`, `expires_at`, `created_at`) VALUES
(1, 2, '948432a09411b07826ea2b51df7c0d90207722f4fb0afc441bf1d4582a5ad284', '2026-01-06 22:21:28', '2025-12-08 05:21:32'),
(11, 200, 'ec269593de824939f291076fb2c95f7a1dc9f4f3a56988eaa81b130414d6852e', '2026-01-07 00:50:54', '2025-12-08 07:50:54'),
(12, 4, '496bf476807bc40ddcb0f5c711bdf3aca55e065336af2b921b08e4dc23740110', '2026-01-07 00:58:52', '2025-12-08 07:58:52'),
(13, 253, '3273b40b1301457b8fb0a62cd18e8db660d84de84f24dff8f18155ec1afe5349', '2026-01-07 01:16:52', '2025-12-08 08:16:52');

-- --------------------------------------------------------

--
-- Table structure for table `schedules`
--

CREATE TABLE `schedules` (
  `id` int(11) NOT NULL,
  `admin_id` int(11) NOT NULL,
  `week_day` int(11) NOT NULL,
  `duration_a` int(11) NOT NULL DEFAULT 10,
  `duration_b` int(11) NOT NULL DEFAULT 10
) ENGINE=InnoDB DEFAULT CHARSET=utf8mb4 COLLATE=utf8mb4_general_ci;

--
-- Dumping data for table `schedules`
--

INSERT INTO `schedules` (`id`, `admin_id`, `week_day`, `duration_a`, `duration_b`) VALUES
(1, 10, 1, 30, 30),
(2, 10, 2, 30, 30),
(3, 10, 3, 30, 30),
(4, 10, 4, 30, 30),
(5, 10, 5, 30, 30),
(6, 10, 6, 30, 30),
(7, 10, 7, 30, 30),
(8, 2, 1, 31, 32),
(9, 2, 2, 35, 32),
(10, 2, 4, 40, 30),
(29, 2, 6, 15, 30),
(32, 2, 3, 11, 30),
(35, 2, 7, 25, 30),
(36, 2, 5, 32, 30),
(37, 209, 1, 30, 30),
(38, 209, 2, 30, 30),
(39, 209, 3, 30, 30),
(40, 209, 4, 30, 30),
(41, 209, 5, 30, 30),
(42, 209, 6, 30, 30),
(43, 209, 7, 30, 30),
(44, 210, 1, 30, 30),
(45, 210, 2, 30, 30),
(46, 210, 3, 30, 30),
(47, 210, 4, 30, 30),
(48, 210, 5, 30, 30),
(49, 210, 6, 30, 30),
(50, 210, 7, 30, 30),
(51, 211, 1, 30, 30),
(52, 211, 2, 30, 30),
(53, 211, 3, 30, 30),
(54, 211, 4, 30, 30),
(55, 211, 5, 30, 30),
(56, 211, 6, 30, 30),
(57, 211, 7, 30, 30),
(58, 213, 1, 30, 30),
(59, 213, 2, 30, 30),
(60, 213, 3, 30, 30),
(61, 213, 4, 30, 30),
(62, 213, 5, 30, 30),
(63, 213, 6, 30, 30),
(64, 213, 7, 30, 30),
(65, 214, 1, 30, 30),
(66, 214, 2, 30, 30),
(67, 214, 3, 30, 30),
(68, 214, 4, 30, 30),
(69, 214, 5, 30, 30),
(70, 214, 6, 30, 30),
(71, 214, 7, 30, 30),
(72, 215, 1, 30, 30),
(73, 215, 2, 30, 30),
(74, 215, 3, 30, 30),
(75, 215, 4, 30, 30),
(76, 215, 5, 30, 30),
(77, 215, 6, 30, 30),
(78, 215, 7, 30, 30),
(79, 216, 1, 30, 30),
(80, 216, 2, 30, 30),
(81, 216, 3, 30, 30),
(82, 216, 4, 30, 30),
(83, 216, 5, 30, 30),
(84, 216, 6, 30, 30),
(85, 216, 7, 30, 30),
(86, 217, 1, 30, 30),
(87, 217, 2, 30, 30),
(88, 217, 3, 30, 30),
(89, 217, 4, 30, 30),
(90, 217, 5, 30, 30),
(91, 217, 6, 30, 30),
(92, 217, 7, 30, 30),
(93, 218, 1, 30, 30),
(94, 218, 2, 30, 30),
(95, 218, 3, 30, 30),
(96, 218, 4, 30, 30),
(97, 218, 5, 30, 30),
(98, 218, 6, 30, 30),
(99, 218, 7, 30, 30),
(100, 223, 1, 30, 30),
(101, 223, 2, 30, 30),
(102, 223, 3, 30, 30),
(103, 223, 4, 30, 30),
(104, 223, 5, 30, 30),
(105, 223, 6, 30, 30),
(106, 223, 7, 30, 30),
(107, 224, 1, 30, 30),
(108, 224, 2, 30, 30),
(109, 224, 3, 30, 30),
(110, 224, 4, 30, 30),
(111, 224, 5, 30, 30),
(112, 224, 6, 30, 30),
(113, 224, 7, 30, 30),
(114, 225, 1, 30, 30),
(115, 225, 2, 30, 30),
(116, 225, 3, 30, 30),
(117, 225, 4, 30, 30),
(118, 225, 5, 30, 30),
(119, 225, 6, 30, 30),
(120, 225, 7, 30, 30),
(121, 226, 1, 30, 30),
(122, 226, 2, 30, 30),
(123, 226, 3, 30, 30),
(124, 226, 4, 30, 30),
(125, 226, 5, 30, 30),
(126, 226, 6, 30, 30),
(127, 226, 7, 30, 30),
(128, 227, 1, 30, 30),
(129, 227, 2, 30, 30),
(130, 227, 3, 30, 30),
(131, 227, 4, 30, 30),
(132, 227, 5, 30, 30),
(133, 227, 6, 30, 30),
(134, 227, 7, 30, 30),
(135, 228, 1, 30, 30),
(136, 228, 2, 30, 30),
(137, 228, 3, 30, 30),
(138, 228, 4, 30, 30),
(139, 228, 5, 30, 30),
(140, 228, 6, 30, 30),
(141, 228, 7, 30, 30),
(142, 229, 1, 600, 30),
(143, 229, 2, 33, 30),
(144, 229, 3, 30, 30),
(145, 229, 4, 30, 30),
(146, 229, 5, 30, 30),
(147, 229, 6, 30, 30),
(148, 229, 7, 30, 30),
(149, 239, 1, 30, 30),
(150, 239, 2, 30, 30),
(151, 239, 3, 30, 30),
(152, 239, 4, 30, 30),
(153, 239, 5, 30, 30),
(154, 239, 6, 30, 30),
(155, 239, 7, 30, 30),
(156, 240, 1, 30, 30),
(157, 240, 2, 30, 30),
(158, 240, 3, 30, 30),
(159, 240, 4, 30, 30),
(160, 240, 5, 30, 30),
(161, 240, 6, 30, 30),
(162, 240, 7, 30, 30),
(163, 241, 1, 35, 30),
(164, 241, 2, 30, 30),
(165, 241, 3, 35, 30),
(166, 241, 4, 30, 30),
(167, 241, 5, 30, 30),
(168, 241, 6, 30, 30),
(169, 241, 7, 30, 30),
(170, 243, 1, 30, 30),
(171, 243, 2, 30, 30),
(172, 243, 3, 30, 30),
(173, 243, 4, 30, 30),
(174, 243, 5, 30, 30),
(175, 243, 6, 30, 30),
(176, 243, 7, 30, 30),
(177, 246, 1, 10, 10),
(178, 246, 2, 10, 10),
(179, 246, 3, 10, 10),
(180, 246, 4, 10, 10),
(181, 246, 5, 10, 10),
(182, 246, 6, 10, 10),
(183, 246, 7, 10, 10),
(184, 254, 1, 10, 10),
(185, 254, 2, 10, 10),
(186, 254, 3, 10, 10),
(187, 254, 4, 10, 10),
(188, 254, 5, 10, 10),
(189, 254, 6, 10, 10),
(190, 254, 7, 10, 10);

-- --------------------------------------------------------

--
-- Table structure for table `traffic_logs`
--

CREATE TABLE `traffic_logs` (
  `id` int(11) NOT NULL,
  `user_id` int(11) NOT NULL,
  `camera_id` enum('cam1','cam2') NOT NULL,
  `light_state` enum('red','green') NOT NULL,
  `mode_type` enum('manual','auto') NOT NULL,
  `duration_seconds` int(11) DEFAULT NULL,
  `timestamp` datetime DEFAULT current_timestamp(),
  `notes` text DEFAULT NULL
) ENGINE=InnoDB DEFAULT CHARSET=utf8mb4 COLLATE=utf8mb4_general_ci;

--
-- Dumping data for table `traffic_logs`
--

INSERT INTO `traffic_logs` (`id`, `user_id`, `camera_id`, `light_state`, `mode_type`, `duration_seconds`, `timestamp`, `notes`) VALUES
(3, 2, 'cam1', 'red', 'manual', 180, '2025-11-24 11:18:02', NULL),
(4, 2, 'cam1', 'green', 'manual', NULL, '2025-11-24 11:52:37', NULL),
(5, 2, 'cam1', 'red', 'manual', NULL, '2025-11-24 11:52:38', NULL),
(6, 2, 'cam1', 'green', 'manual', NULL, '2025-11-24 11:52:39', NULL),
(7, 2, 'cam1', 'green', 'manual', NULL, '2025-11-24 11:52:49', NULL),
(8, 2, 'cam1', 'red', 'manual', NULL, '2025-11-24 11:52:50', NULL),
(9, 2, 'cam1', 'green', 'manual', NULL, '2025-11-24 12:06:40', NULL),
(10, 2, 'cam1', 'green', 'manual', NULL, '2025-11-24 12:06:43', NULL),
(11, 2, 'cam1', 'green', 'manual', NULL, '2025-11-24 12:06:44', NULL),
(12, 2, 'cam1', 'green', 'manual', NULL, '2025-11-24 12:06:45', NULL),
(13, 2, 'cam1', 'red', 'manual', NULL, '2025-11-24 12:06:47', NULL),
(14, 2, 'cam1', 'green', 'manual', NULL, '2025-11-24 12:06:48', NULL),
(15, 2, 'cam1', 'green', 'manual', NULL, '2025-11-24 12:06:48', NULL),
(16, 2, 'cam1', 'red', 'manual', NULL, '2025-11-24 12:06:50', NULL),
(17, 2, 'cam1', 'green', 'manual', NULL, '2025-11-24 12:06:51', NULL),
(18, 2, 'cam1', 'green', 'manual', NULL, '2025-11-24 12:06:55', NULL),
(19, 2, 'cam1', 'green', 'manual', 2, '2025-11-24 12:50:48', NULL),
(20, 2, 'cam2', 'red', 'manual', 2, '2025-11-24 12:50:48', NULL),
(21, 2, 'cam1', 'green', 'manual', 1, '2025-11-24 13:33:40', NULL),
(22, 2, 'cam2', 'red', 'manual', 1, '2025-11-24 13:33:40', NULL),
(23, 2, 'cam1', 'green', 'manual', 1, '2025-11-24 13:35:20', NULL),
(24, 2, 'cam2', 'red', 'manual', 1, '2025-11-24 13:35:20', NULL),
(25, 2, 'cam1', 'green', 'manual', 2, '2025-11-24 14:15:27', NULL),
(26, 2, 'cam2', 'red', 'manual', 2, '2025-11-24 14:15:27', NULL),
(27, 2, 'cam1', 'red', 'manual', 1, '2025-11-24 14:15:29', NULL),
(28, 2, 'cam2', 'green', 'manual', 1, '2025-11-24 14:15:29', NULL),
(29, 2, 'cam1', 'green', 'manual', 0, '2025-11-24 14:15:29', NULL),
(30, 2, 'cam2', 'red', 'manual', 0, '2025-11-24 14:15:29', NULL),
(31, 2, 'cam1', 'red', 'manual', 0, '2025-11-24 14:15:30', NULL),
(32, 2, 'cam2', 'green', 'manual', 0, '2025-11-24 14:15:30', NULL),
(33, 2, 'cam1', 'green', 'manual', 1, '2025-11-24 14:15:31', NULL),
(34, 2, 'cam2', 'red', 'manual', 1, '2025-11-24 14:15:31', NULL),
(35, 2, 'cam1', 'red', 'manual', 0, '2025-11-24 14:15:32', NULL),
(36, 2, 'cam2', 'green', 'manual', 0, '2025-11-24 14:15:32', NULL),
(37, 2, 'cam1', 'green', 'manual', 0, '2025-11-24 14:15:33', NULL),
(38, 2, 'cam2', 'red', 'manual', 0, '2025-11-24 14:15:33', NULL),
(39, 2, 'cam1', 'red', 'manual', 0, '2025-11-24 14:15:34', NULL),
(40, 2, 'cam2', 'green', 'manual', 0, '2025-11-24 14:15:34', NULL),
(41, 2, 'cam1', 'green', 'manual', 1, '2025-11-24 14:15:35', NULL),
(42, 2, 'cam2', 'red', 'manual', 1, '2025-11-24 14:15:35', NULL),
(43, 2, 'cam1', 'red', 'manual', 1, '2025-11-24 14:15:36', NULL),
(44, 2, 'cam2', 'green', 'manual', 1, '2025-11-24 14:15:36', NULL),
(45, 2, 'cam1', 'green', 'manual', 1, '2025-11-24 14:15:37', NULL),
(46, 2, 'cam2', 'red', 'manual', 1, '2025-11-24 14:15:37', NULL),
(47, 2, 'cam1', 'red', 'manual', 1, '2025-11-24 14:15:38', NULL),
(48, 2, 'cam2', 'green', 'manual', 1, '2025-11-24 14:15:38', NULL),
(49, 2, 'cam1', 'green', 'manual', 0, '2025-11-24 14:15:39', NULL),
(50, 2, 'cam2', 'red', 'manual', 0, '2025-11-24 14:15:39', NULL),
(51, 2, 'cam1', 'red', 'manual', 1, '2025-11-24 14:15:40', NULL),
(52, 2, 'cam2', 'green', 'manual', 1, '2025-11-24 14:15:40', NULL),
(53, 2, 'cam1', 'green', 'manual', 0, '2025-11-24 14:15:41', NULL),
(54, 2, 'cam2', 'red', 'manual', 0, '2025-11-24 14:15:41', NULL),
(55, 2, 'cam1', 'red', 'manual', 0, '2025-11-24 14:15:42', NULL),
(56, 2, 'cam2', 'green', 'manual', 0, '2025-11-24 14:15:42', NULL),
(57, 2, 'cam1', 'green', 'manual', 1, '2025-11-24 14:15:43', NULL),
(58, 2, 'cam2', 'red', 'manual', 1, '2025-11-24 14:15:43', NULL),
(59, 2, 'cam1', 'green', 'manual', 1, '2025-11-24 14:19:01', NULL),
(60, 2, 'cam2', 'red', 'manual', 1, '2025-11-24 14:19:01', NULL),
(61, 2, 'cam1', 'red', 'manual', 0, '2025-11-24 14:19:02', NULL),
(62, 2, 'cam2', 'green', 'manual', 0, '2025-11-24 14:19:02', NULL),
(63, 2, 'cam1', 'green', 'manual', 0, '2025-11-24 14:19:03', NULL),
(64, 2, 'cam2', 'red', 'manual', 0, '2025-11-24 14:19:03', NULL),
(65, 2, 'cam1', 'red', 'manual', 0, '2025-11-24 14:19:03', NULL),
(66, 2, 'cam2', 'green', 'manual', 0, '2025-11-24 14:19:03', NULL),
(67, 2, 'cam1', 'green', 'manual', 1, '2025-11-24 14:23:40', NULL),
(68, 2, 'cam2', 'red', 'manual', 1, '2025-11-24 14:23:40', NULL),
(69, 2, 'cam1', 'red', 'manual', 0, '2025-11-24 14:23:41', NULL),
(70, 2, 'cam2', 'green', 'manual', 0, '2025-11-24 14:23:41', NULL),
(71, 2, 'cam1', 'green', 'manual', 0, '2025-11-24 14:23:42', NULL),
(72, 2, 'cam2', 'red', 'manual', 0, '2025-11-24 14:23:42', NULL),
(73, 2, 'cam1', 'red', 'manual', 0, '2025-11-24 14:23:43', NULL),
(74, 2, 'cam2', 'green', 'manual', 0, '2025-11-24 14:23:43', NULL),
(75, 2, 'cam1', 'green', 'manual', 1, '2025-11-24 14:23:44', NULL),
(76, 2, 'cam2', 'red', 'manual', 1, '2025-11-24 14:23:45', NULL),
(77, 2, 'cam1', 'green', 'manual', 1, '2025-11-24 14:25:00', NULL),
(78, 2, 'cam2', 'red', 'manual', 1, '2025-11-24 14:25:00', NULL),
(79, 2, 'cam1', 'red', 'manual', 0, '2025-11-24 14:25:01', NULL),
(80, 2, 'cam2', 'green', 'manual', 0, '2025-11-24 14:25:01', NULL),
(81, 2, 'cam1', 'green', 'manual', 0, '2025-11-24 14:25:02', NULL),
(82, 2, 'cam2', 'red', 'manual', 0, '2025-11-24 14:25:02', NULL),
(83, 2, 'cam1', 'red', 'manual', 0, '2025-11-24 14:25:02', NULL),
(84, 2, 'cam2', 'green', 'manual', 0, '2025-11-24 14:25:02', NULL),
(85, 2, 'cam1', 'green', 'manual', 0, '2025-11-24 14:25:03', NULL),
(86, 2, 'cam2', 'red', 'manual', 0, '2025-11-24 14:25:03', NULL),
(87, 2, 'cam1', 'red', 'manual', 0, '2025-11-24 14:25:04', NULL),
(88, 2, 'cam2', 'green', 'manual', 0, '2025-11-24 14:25:04', NULL),
(89, 2, 'cam1', 'green', 'manual', 0, '2025-11-24 14:25:05', NULL),
(90, 2, 'cam2', 'red', 'manual', 0, '2025-11-24 14:25:05', NULL),
(91, 2, 'cam1', 'red', 'manual', 0, '2025-11-24 14:25:06', NULL),
(92, 2, 'cam2', 'green', 'manual', 0, '2025-11-24 14:25:06', NULL),
(93, 2, 'cam1', 'green', 'manual', 0, '2025-11-24 14:25:06', NULL),
(94, 2, 'cam2', 'red', 'manual', 0, '2025-11-24 14:25:06', NULL),
(95, 2, 'cam1', 'red', 'manual', 0, '2025-11-24 14:25:07', NULL),
(96, 2, 'cam2', 'green', 'manual', 0, '2025-11-24 14:25:07', NULL),
(97, 2, 'cam1', 'green', 'manual', 0, '2025-11-24 14:25:08', NULL),
(98, 2, 'cam2', 'red', 'manual', 0, '2025-11-24 14:25:08', NULL),
(99, 2, 'cam1', 'green', 'manual', 4, '2025-11-24 14:31:07', NULL),
(100, 2, 'cam2', 'red', 'manual', 4, '2025-11-24 14:31:07', NULL),
(101, 2, 'cam1', 'red', 'manual', 1, '2025-11-24 14:31:08', NULL),
(102, 2, 'cam2', 'green', 'manual', 1, '2025-11-24 14:31:08', NULL),
(103, 2, 'cam1', 'green', 'manual', 0, '2025-11-24 14:31:09', NULL),
(104, 2, 'cam2', 'red', 'manual', 0, '2025-11-24 14:31:09', NULL),
(105, 2, 'cam1', 'red', 'manual', 0, '2025-11-24 14:31:10', NULL),
(106, 2, 'cam2', 'green', 'manual', 0, '2025-11-24 14:31:10', NULL),
(107, 2, 'cam1', 'green', 'manual', 0, '2025-11-24 14:31:11', NULL),
(108, 2, 'cam2', 'red', 'manual', 0, '2025-11-24 14:31:11', NULL),
(109, 2, 'cam1', 'red', 'manual', 1, '2025-11-24 14:31:12', NULL),
(110, 2, 'cam2', 'green', 'manual', 1, '2025-11-24 14:31:12', NULL),
(111, 2, 'cam1', 'green', 'manual', 0, '2025-11-24 14:31:17', NULL),
(112, 2, 'cam2', 'red', 'manual', 0, '2025-11-24 14:31:17', NULL),
(113, 2, 'cam1', 'green', 'manual', 1, '2025-11-24 14:31:24', NULL),
(114, 2, 'cam2', 'red', 'manual', 1, '2025-11-24 14:31:24', NULL),
(115, 2, 'cam1', 'red', 'manual', 0, '2025-11-24 14:31:25', NULL),
(116, 2, 'cam2', 'green', 'manual', 0, '2025-11-24 14:31:25', NULL),
(117, 2, 'cam1', 'green', 'manual', 0, '2025-11-24 14:31:25', NULL),
(118, 2, 'cam2', 'red', 'manual', 0, '2025-11-24 14:31:25', NULL),
(119, 2, 'cam1', 'red', 'manual', 0, '2025-11-24 14:31:26', NULL),
(120, 2, 'cam2', 'green', 'manual', 0, '2025-11-24 14:31:26', NULL),
(121, 2, 'cam1', 'green', 'manual', 0, '2025-11-24 14:31:26', NULL),
(122, 2, 'cam2', 'red', 'manual', 0, '2025-11-24 14:31:26', NULL),
(123, 2, 'cam1', 'red', 'manual', 0, '2025-11-24 14:31:26', NULL),
(124, 2, 'cam2', 'green', 'manual', 0, '2025-11-24 14:31:26', NULL),
(125, 2, 'cam1', 'green', 'manual', 0, '2025-11-24 14:31:27', NULL),
(126, 2, 'cam2', 'red', 'manual', 0, '2025-11-24 14:31:27', NULL),
(127, 2, 'cam1', 'red', 'manual', 0, '2025-11-24 14:31:27', NULL),
(128, 2, 'cam2', 'green', 'manual', 0, '2025-11-24 14:31:27', NULL),
(129, 2, 'cam1', 'green', 'manual', 0, '2025-11-24 14:31:28', NULL),
(130, 2, 'cam2', 'red', 'manual', 0, '2025-11-24 14:31:28', NULL),
(131, 2, 'cam1', 'red', 'manual', 0, '2025-11-24 14:31:28', NULL),
(132, 2, 'cam2', 'green', 'manual', 0, '2025-11-24 14:31:28', NULL),
(133, 2, 'cam1', 'green', 'manual', 0, '2025-11-24 14:31:28', NULL),
(134, 2, 'cam2', 'red', 'manual', 0, '2025-11-24 14:31:28', NULL),
(135, 2, 'cam1', 'red', 'manual', 0, '2025-11-24 14:31:29', NULL),
(136, 2, 'cam2', 'green', 'manual', 0, '2025-11-24 14:31:29', NULL),
(137, 2, 'cam1', 'green', 'manual', 0, '2025-11-24 14:31:29', NULL),
(138, 2, 'cam2', 'red', 'manual', 0, '2025-11-24 14:31:29', NULL),
(139, 2, 'cam1', 'red', 'manual', 1, '2025-11-24 14:42:54', NULL),
(140, 2, 'cam2', 'green', 'manual', 1, '2025-11-24 14:42:54', NULL),
(141, 2, 'cam1', 'green', 'manual', 1, '2025-11-24 14:42:56', NULL),
(142, 2, 'cam2', 'red', 'manual', 1, '2025-11-24 14:42:56', NULL),
(143, 2, 'cam1', 'red', 'manual', 2, '2025-11-24 14:42:58', NULL),
(144, 2, 'cam2', 'green', 'manual', 2, '2025-11-24 14:42:58', NULL),
(145, 2, 'cam1', 'green', 'manual', 0, '2025-11-24 14:43:04', NULL),
(146, 2, 'cam2', 'red', 'manual', 0, '2025-11-24 14:43:04', NULL),
(147, 2, 'cam1', 'red', 'manual', 0, '2025-11-24 14:44:01', NULL),
(148, 2, 'cam2', 'green', 'manual', 0, '2025-11-24 14:44:01', NULL),
(149, 2, 'cam1', 'green', 'manual', 0, '2025-11-24 14:44:02', NULL),
(150, 2, 'cam2', 'red', 'manual', 0, '2025-11-24 14:44:02', NULL),
(151, 2, 'cam1', 'red', 'manual', 0, '2025-11-24 14:50:45', NULL),
(152, 2, 'cam2', 'green', 'manual', 0, '2025-11-24 14:50:45', NULL),
(153, 2, 'cam1', 'green', 'manual', 1, '2025-11-24 14:50:46', NULL),
(154, 2, 'cam2', 'red', 'manual', 1, '2025-11-24 14:50:46', NULL),
(155, 2, 'cam1', 'green', 'manual', 0, '2025-11-24 14:56:24', NULL),
(156, 2, 'cam2', 'red', 'manual', 0, '2025-11-24 14:56:24', NULL),
(157, 2, 'cam1', 'red', 'manual', 0, '2025-11-24 14:56:25', NULL),
(158, 2, 'cam2', 'green', 'manual', 0, '2025-11-24 14:56:25', NULL),
(159, 2, 'cam1', 'red', 'manual', 0, '2025-11-24 15:07:06', NULL),
(160, 2, 'cam2', 'green', 'manual', 0, '2025-11-24 15:07:06', NULL),
(161, 2, 'cam1', 'green', 'manual', 1, '2025-11-24 15:07:07', NULL),
(162, 2, 'cam2', 'red', 'manual', 1, '2025-11-24 15:07:07', NULL),
(163, 2, 'cam1', 'red', 'manual', 32, '2025-11-24 15:07:40', NULL),
(165, 2, 'cam1', 'red', 'manual', 38, '2025-11-24 15:08:18', NULL),
(166, 2, 'cam2', 'green', 'manual', 38, '2025-11-24 15:08:18', NULL),
(167, 2, 'cam1', 'red', 'manual', 12, '2025-11-24 15:14:45', NULL),
(168, 2, 'cam2', 'green', 'manual', 12, '2025-11-24 15:14:45', NULL),
(169, 2, 'cam2', 'red', 'manual', 1, '2025-11-24 15:14:47', NULL),
(170, 2, 'cam1', 'green', 'manual', 1, '2025-11-24 15:14:47', NULL),
(171, 2, 'cam1', 'red', 'manual', 5, '2025-11-24 15:14:52', NULL),
(173, 2, 'cam2', 'green', 'manual', 2, '2025-11-24 15:16:19', NULL),
(174, 2, 'cam1', 'red', 'manual', 2, '2025-11-24 15:16:19', NULL),
(175, 2, 'cam1', 'red', 'manual', 0, '2025-11-24 15:21:07', NULL),
(176, 2, 'cam2', 'green', 'manual', 0, '2025-11-24 15:21:07', NULL),
(177, 2, 'cam1', 'green', 'manual', 0, '2025-11-24 15:21:07', NULL),
(178, 2, 'cam2', 'red', 'manual', 0, '2025-11-24 15:21:07', NULL),
(179, 2, 'cam2', 'green', 'manual', 0, '2025-11-24 15:21:08', NULL),
(180, 2, 'cam1', 'red', 'manual', 0, '2025-11-24 15:21:08', NULL),
(181, 2, 'cam1', 'red', 'manual', 0, '2025-11-24 15:58:18', NULL),
(182, 2, 'cam2', 'green', 'manual', 0, '2025-11-24 15:58:18', NULL),
(183, 2, 'cam1', 'green', 'auto', 31, '2025-11-24 16:08:01', NULL),
(184, 2, 'cam2', 'red', 'auto', 31, '2025-11-24 16:08:01', NULL),
(185, 2, 'cam1', 'red', 'auto', 31, '2025-11-24 16:08:32', NULL),
(186, 2, 'cam2', 'green', 'auto', 31, '2025-11-24 16:08:32', NULL),
(187, 2, 'cam1', 'red', 'manual', 3, '2025-11-24 16:09:16', NULL),
(188, 2, 'cam2', 'green', 'manual', 3, '2025-11-24 16:09:16', NULL),
(189, 2, 'cam1', 'green', 'manual', 1, '2025-11-24 16:09:18', NULL),
(190, 2, 'cam2', 'red', 'manual', 1, '2025-11-24 16:09:18', NULL),
(191, 2, 'cam1', 'red', 'manual', 0, '2025-11-24 16:09:18', NULL),
(192, 2, 'cam2', 'green', 'manual', 0, '2025-11-24 16:09:18', NULL),
(193, 2, 'cam1', 'green', 'manual', 0, '2025-11-24 16:09:18', NULL),
(194, 2, 'cam2', 'red', 'manual', 0, '2025-11-24 16:09:18', NULL),
(195, 2, 'cam1', 'red', 'manual', 0, '2025-11-24 16:09:18', NULL),
(196, 2, 'cam2', 'green', 'manual', 0, '2025-11-24 16:09:18', NULL),
(197, 2, 'cam1', 'green', 'manual', 0, '2025-11-24 16:09:18', NULL),
(198, 2, 'cam2', 'red', 'manual', 0, '2025-11-24 16:09:18', NULL),
(203, 2, 'cam1', 'red', 'manual', 1, '2025-11-24 16:09:20', NULL),
(204, 2, 'cam2', 'green', 'manual', 1, '2025-11-24 16:09:20', NULL),
(205, 2, 'cam1', 'green', 'manual', 8, '2025-11-24 16:09:28', NULL),
(207, 2, 'cam1', 'green', 'manual', 0, '2025-11-25 12:01:24', NULL),
(208, 2, 'cam2', 'red', 'manual', 0, '2025-11-25 12:01:24', NULL),
(209, 2, 'cam1', 'red', 'manual', 1, '2025-11-25 12:01:25', NULL),
(210, 2, 'cam2', 'green', 'manual', 1, '2025-11-25 12:01:25', NULL),
(211, 2, 'cam1', 'green', 'manual', 1, '2025-11-25 12:01:26', NULL),
(212, 2, 'cam2', 'red', 'manual', 1, '2025-11-25 12:01:26', NULL),
(213, 2, 'cam1', 'red', 'manual', 2, '2025-11-25 12:01:28', NULL),
(214, 2, 'cam2', 'green', 'manual', 2, '2025-11-25 12:01:28', NULL),
(215, 2, 'cam1', 'green', 'manual', 1, '2025-11-25 12:01:29', NULL),
(216, 2, 'cam2', 'red', 'manual', 1, '2025-11-25 12:01:29', NULL),
(217, 2, 'cam1', 'red', 'manual', 7, '2025-11-25 12:01:36', NULL),
(218, 2, 'cam2', 'green', 'manual', 7, '2025-11-25 12:01:36', NULL),
(219, 2, 'cam1', 'green', 'manual', 0, '2025-11-25 12:01:37', NULL),
(220, 2, 'cam2', 'red', 'manual', 0, '2025-11-25 12:01:37', NULL),
(221, 2, 'cam1', 'red', 'manual', 1, '2025-11-25 12:01:38', NULL),
(222, 2, 'cam2', 'green', 'manual', 1, '2025-11-25 12:01:38', NULL),
(223, 2, 'cam1', 'green', 'manual', 0, '2025-11-25 12:01:39', NULL),
(224, 2, 'cam2', 'red', 'manual', 0, '2025-11-25 12:01:39', NULL),
(225, 2, 'cam1', 'red', 'manual', 8, '2025-11-25 12:01:47', NULL),
(226, 2, 'cam2', 'green', 'manual', 8, '2025-11-25 12:01:47', NULL),
(227, 2, 'cam1', 'green', 'manual', 0, '2025-11-25 12:01:48', NULL),
(228, 2, 'cam2', 'red', 'manual', 0, '2025-11-25 12:01:48', NULL),
(229, 2, 'cam1', 'red', 'manual', 0, '2025-11-25 12:01:49', NULL),
(230, 2, 'cam2', 'green', 'manual', 0, '2025-11-25 12:01:49', NULL),
(231, 2, 'cam1', 'green', 'manual', 1, '2025-11-25 12:01:50', NULL),
(232, 2, 'cam2', 'red', 'manual', 1, '2025-11-25 12:01:50', NULL),
(233, 2, 'cam1', 'red', 'manual', 10, '2025-11-25 12:02:01', NULL),
(234, 2, 'cam2', 'green', 'manual', 10, '2025-11-25 12:02:01', NULL),
(235, 2, 'cam1', 'green', 'manual', 0, '2025-11-25 12:02:02', NULL),
(236, 2, 'cam2', 'red', 'manual', 0, '2025-11-25 12:02:02', NULL),
(237, 2, 'cam1', 'red', 'manual', 26, '2025-11-25 12:02:28', NULL),
(238, 2, 'cam2', 'green', 'manual', 26, '2025-11-25 12:02:28', NULL),
(239, 2, 'cam1', 'red', 'manual', 0, '2025-11-25 12:02:28', NULL),
(240, 2, 'cam2', 'green', 'manual', 0, '2025-11-25 12:02:28', NULL),
(241, 2, 'cam1', 'green', 'manual', 14, '2025-11-25 12:02:43', NULL),
(242, 2, 'cam2', 'red', 'manual', 14, '2025-11-25 12:02:43', NULL),
(243, 2, 'cam1', 'red', 'manual', 1, '2025-11-25 12:02:44', NULL),
(244, 2, 'cam2', 'green', 'manual', 1, '2025-11-25 12:02:44', NULL),
(245, 2, 'cam1', 'green', 'manual', 3, '2025-11-25 12:02:48', NULL),
(246, 2, 'cam2', 'red', 'manual', 3, '2025-11-25 12:02:48', NULL),
(247, 2, 'cam1', 'red', 'manual', 0, '2025-11-25 12:02:49', NULL),
(248, 2, 'cam2', 'green', 'manual', 0, '2025-11-25 12:02:49', NULL),
(249, 2, 'cam1', 'green', 'manual', 6, '2025-11-25 12:02:56', NULL),
(250, 2, 'cam2', 'red', 'manual', 6, '2025-11-25 12:02:56', NULL),
(251, 2, 'cam1', 'red', 'manual', 0, '2025-11-25 12:02:57', NULL),
(252, 2, 'cam2', 'green', 'manual', 0, '2025-11-25 12:02:57', NULL),
(253, 2, 'cam1', 'green', 'manual', 0, '2025-11-25 12:02:58', NULL),
(254, 2, 'cam2', 'red', 'manual', 0, '2025-11-25 12:02:58', NULL),
(255, 2, 'cam1', 'red', 'manual', 0, '2025-11-25 12:02:58', NULL),
(256, 2, 'cam2', 'green', 'manual', 0, '2025-11-25 12:02:58', NULL),
(257, 2, 'cam1', 'green', 'manual', 0, '2025-11-25 12:02:59', NULL),
(258, 2, 'cam2', 'red', 'manual', 0, '2025-11-25 12:02:59', NULL),
(259, 2, 'cam1', 'red', 'manual', 21, '2025-11-25 12:03:21', NULL),
(260, 2, 'cam2', 'green', 'manual', 21, '2025-11-25 12:03:21', NULL),
(261, 2, 'cam1', 'green', 'manual', 0, '2025-11-25 12:03:21', NULL),
(262, 2, 'cam2', 'red', 'manual', 0, '2025-11-25 12:03:21', NULL),
(263, 2, 'cam1', 'red', 'manual', 0, '2025-11-25 12:03:22', NULL),
(264, 2, 'cam2', 'green', 'manual', 0, '2025-11-25 12:03:22', NULL),
(265, 2, 'cam1', 'green', 'manual', 0, '2025-11-25 12:03:22', NULL),
(266, 2, 'cam2', 'red', 'manual', 0, '2025-11-25 12:03:22', NULL),
(267, 2, 'cam1', 'red', 'manual', 0, '2025-11-25 12:03:23', NULL),
(268, 2, 'cam2', 'green', 'manual', 0, '2025-11-25 12:03:23', NULL),
(269, 2, 'cam1', 'green', 'manual', 0, '2025-11-25 12:03:23', NULL),
(270, 2, 'cam2', 'red', 'manual', 0, '2025-11-25 12:03:23', NULL),
(271, 2, 'cam1', 'red', 'manual', 0, '2025-11-25 12:03:24', NULL),
(272, 2, 'cam2', 'green', 'manual', 0, '2025-11-25 12:03:24', NULL),
(273, 2, 'cam1', 'green', 'manual', 0, '2025-11-25 12:03:25', NULL),
(274, 2, 'cam2', 'red', 'manual', 0, '2025-11-25 12:03:25', NULL),
(275, 2, 'cam1', 'red', 'manual', 0, '2025-11-25 12:03:25', NULL),
(276, 2, 'cam2', 'green', 'manual', 0, '2025-11-25 12:03:25', NULL),
(277, 2, 'cam1', 'green', 'manual', 3, '2025-11-25 12:03:28', NULL),
(278, 2, 'cam2', 'red', 'manual', 3, '2025-11-25 12:03:28', NULL),
(279, 2, 'cam1', 'red', 'manual', 0, '2025-11-25 12:03:29', NULL),
(280, 2, 'cam2', 'green', 'manual', 0, '2025-11-25 12:03:29', NULL),
(281, 2, 'cam1', 'green', 'manual', 0, '2025-11-25 12:03:29', NULL),
(282, 2, 'cam2', 'red', 'manual', 0, '2025-11-25 12:03:29', NULL),
(283, 2, 'cam1', 'red', 'manual', 0, '2025-11-25 12:03:30', NULL),
(284, 2, 'cam2', 'green', 'manual', 0, '2025-11-25 12:03:30', NULL),
(285, 2, 'cam1', 'green', 'manual', 0, '2025-11-25 12:03:30', NULL),
(286, 2, 'cam2', 'red', 'manual', 0, '2025-11-25 12:03:30', NULL),
(287, 2, 'cam1', 'red', 'manual', 0, '2025-11-25 12:03:31', NULL),
(288, 2, 'cam2', 'green', 'manual', 0, '2025-11-25 12:03:31', NULL),
(289, 2, 'cam1', 'green', 'manual', 0, '2025-11-25 12:03:31', NULL),
(290, 2, 'cam2', 'red', 'manual', 0, '2025-11-25 12:03:31', NULL),
(291, 2, 'cam1', 'red', 'manual', 0, '2025-11-25 12:03:32', NULL),
(292, 2, 'cam2', 'green', 'manual', 0, '2025-11-25 12:03:32', NULL),
(293, 2, 'cam1', 'green', 'manual', 0, '2025-11-25 12:03:33', NULL),
(294, 2, 'cam2', 'red', 'manual', 0, '2025-11-25 12:03:33', NULL),
(295, 2, 'cam1', 'red', 'manual', 0, '2025-11-25 12:03:33', NULL),
(296, 2, 'cam2', 'green', 'manual', 0, '2025-11-25 12:03:33', NULL),
(297, 2, 'cam1', 'green', 'manual', 0, '2025-11-25 12:03:34', NULL),
(298, 2, 'cam2', 'red', 'manual', 0, '2025-11-25 12:03:34', NULL),
(299, 2, 'cam1', 'red', 'manual', 0, '2025-11-25 12:03:34', NULL),
(300, 2, 'cam2', 'green', 'manual', 0, '2025-11-25 12:03:34', NULL),
(301, 2, 'cam1', 'green', 'manual', 0, '2025-11-25 12:03:35', NULL),
(302, 2, 'cam2', 'red', 'manual', 0, '2025-11-25 12:03:35', NULL),
(303, 2, 'cam1', 'red', 'manual', 0, '2025-11-25 12:03:35', NULL),
(304, 2, 'cam2', 'green', 'manual', 0, '2025-11-25 12:03:35', NULL),
(305, 2, 'cam1', 'green', 'manual', 14, '2025-11-25 12:03:49', NULL),
(306, 2, 'cam2', 'red', 'manual', 14, '2025-11-25 12:03:49', NULL),
(307, 2, 'cam1', 'red', 'manual', 0, '2025-11-25 12:03:50', NULL),
(308, 2, 'cam2', 'green', 'manual', 0, '2025-11-25 12:03:50', NULL),
(309, 2, 'cam1', 'green', 'manual', 2, '2025-11-25 12:03:53', NULL),
(310, 2, 'cam2', 'red', 'manual', 2, '2025-11-25 12:03:53', NULL),
(311, 2, 'cam1', 'red', 'manual', 0, '2025-11-25 12:03:53', NULL),
(312, 2, 'cam2', 'green', 'manual', 0, '2025-11-25 12:03:53', NULL),
(313, 2, 'cam1', 'green', 'manual', 4, '2025-11-25 12:03:58', NULL),
(314, 2, 'cam2', 'red', 'manual', 4, '2025-11-25 12:03:58', NULL),
(315, 2, 'cam1', 'green', 'manual', 0, '2025-11-25 12:04:23', NULL),
(316, 2, 'cam2', 'red', 'manual', 0, '2025-11-25 12:04:23', NULL),
(317, 2, 'cam1', 'red', 'manual', 0, '2025-11-25 12:04:24', NULL),
(318, 2, 'cam2', 'green', 'manual', 0, '2025-11-25 12:04:24', NULL),
(319, 2, 'cam1', 'green', 'manual', 0, '2025-11-25 12:04:24', NULL),
(320, 2, 'cam2', 'red', 'manual', 0, '2025-11-25 12:04:24', NULL),
(321, 2, 'cam1', 'red', 'manual', 0, '2025-11-25 12:04:25', NULL),
(322, 2, 'cam2', 'green', 'manual', 0, '2025-11-25 12:04:25', NULL),
(323, 2, 'cam1', 'green', 'manual', 0, '2025-11-25 12:04:25', NULL),
(324, 2, 'cam2', 'red', 'manual', 0, '2025-11-25 12:04:25', NULL),
(325, 2, 'cam1', 'red', 'manual', 0, '2025-11-25 12:04:26', NULL),
(326, 2, 'cam2', 'green', 'manual', 0, '2025-11-25 12:04:26', NULL),
(327, 2, 'cam1', 'green', 'manual', 0, '2025-11-25 12:04:26', NULL),
(328, 2, 'cam2', 'red', 'manual', 0, '2025-11-25 12:04:26', NULL),
(329, 2, 'cam1', 'red', 'manual', 0, '2025-11-25 12:04:26', NULL),
(330, 2, 'cam2', 'green', 'manual', 0, '2025-11-25 12:04:27', NULL),
(331, 2, 'cam1', 'green', 'manual', 0, '2025-11-25 12:04:27', NULL),
(332, 2, 'cam2', 'red', 'manual', 0, '2025-11-25 12:04:27', NULL),
(333, 2, 'cam1', 'red', 'manual', 0, '2025-11-25 12:04:27', NULL),
(334, 2, 'cam2', 'green', 'manual', 0, '2025-11-25 12:04:27', NULL),
(335, 2, 'cam1', 'green', 'manual', 6, '2025-11-25 12:04:34', NULL),
(336, 2, 'cam2', 'red', 'manual', 6, '2025-11-25 12:04:34', NULL),
(337, 2, 'cam1', 'red', 'manual', 1, '2025-11-25 12:04:35', NULL),
(338, 2, 'cam2', 'green', 'manual', 1, '2025-11-25 12:04:35', NULL),
(339, 2, 'cam1', 'green', 'manual', 0, '2025-11-25 12:04:36', NULL),
(340, 2, 'cam2', 'red', 'manual', 0, '2025-11-25 12:04:36', NULL),
(341, 2, 'cam1', 'red', 'manual', 0, '2025-11-25 12:04:36', NULL),
(342, 2, 'cam2', 'green', 'manual', 0, '2025-11-25 12:04:36', NULL),
(343, 2, 'cam1', 'green', 'manual', 0, '2025-11-25 12:04:36', NULL),
(344, 2, 'cam2', 'red', 'manual', 0, '2025-11-25 12:04:36', NULL),
(345, 2, 'cam1', 'red', 'manual', 0, '2025-11-25 12:04:36', NULL),
(346, 2, 'cam2', 'green', 'manual', 0, '2025-11-25 12:04:36', NULL),
(347, 2, 'cam1', 'green', 'manual', 0, '2025-11-25 12:04:36', NULL),
(348, 2, 'cam2', 'red', 'manual', 0, '2025-11-25 12:04:36', NULL),
(349, 2, 'cam1', 'red', 'manual', 0, '2025-11-25 12:04:37', NULL),
(350, 2, 'cam2', 'green', 'manual', 0, '2025-11-25 12:04:37', NULL),
(351, 2, 'cam1', 'green', 'manual', 0, '2025-11-25 12:04:37', NULL),
(352, 2, 'cam2', 'red', 'manual', 0, '2025-11-25 12:04:37', NULL),
(353, 2, 'cam1', 'red', 'manual', 0, '2025-11-25 12:04:37', NULL),
(354, 2, 'cam2', 'green', 'manual', 0, '2025-11-25 12:04:37', NULL),
(355, 2, 'cam1', 'green', 'manual', 0, '2025-11-25 12:04:37', NULL),
(356, 2, 'cam2', 'red', 'manual', 0, '2025-11-25 12:04:37', NULL),
(357, 2, 'cam1', 'red', 'manual', 0, '2025-11-25 12:04:37', NULL),
(358, 2, 'cam2', 'green', 'manual', 0, '2025-11-25 12:04:37', NULL),
(359, 2, 'cam2', 'red', 'manual', 0, '2025-11-25 12:04:37', NULL),
(360, 2, 'cam1', 'green', 'manual', 0, '2025-11-25 12:04:37', NULL),
(361, 2, 'cam1', 'red', 'manual', 0, '2025-11-25 12:04:37', NULL),
(362, 2, 'cam2', 'green', 'manual', 0, '2025-11-25 12:04:37', NULL),
(363, 2, 'cam1', 'red', 'manual', 0, '2025-11-25 12:06:39', NULL),
(364, 2, 'cam2', 'green', 'manual', 0, '2025-11-25 12:06:39', NULL),
(365, 2, 'cam1', 'green', 'manual', 0, '2025-11-25 12:06:40', NULL),
(366, 2, 'cam2', 'red', 'manual', 0, '2025-11-25 12:06:40', NULL),
(367, 2, 'cam1', 'red', 'manual', 0, '2025-11-25 12:06:40', NULL),
(368, 2, 'cam2', 'green', 'manual', 0, '2025-11-25 12:06:40', NULL),
(369, 2, 'cam1', 'green', 'manual', 0, '2025-11-25 12:06:41', NULL),
(370, 2, 'cam2', 'red', 'manual', 0, '2025-11-25 12:06:41', NULL),
(371, 2, 'cam2', 'green', 'manual', 0, '2025-11-25 12:06:42', NULL),
(372, 2, 'cam1', 'red', 'manual', 0, '2025-11-25 12:06:42', NULL),
(373, 2, 'cam1', 'green', 'manual', 0, '2025-11-25 12:06:42', NULL),
(374, 2, 'cam2', 'red', 'manual', 0, '2025-11-25 12:06:42', NULL),
(375, 2, 'cam1', 'red', 'manual', 0, '2025-11-25 12:06:42', NULL),
(376, 2, 'cam2', 'green', 'manual', 0, '2025-11-25 12:06:43', NULL),
(377, 2, 'cam1', 'green', 'manual', 0, '2025-11-25 12:06:43', NULL),
(378, 2, 'cam2', 'red', 'manual', 0, '2025-11-25 12:06:43', NULL),
(379, 2, 'cam1', 'red', 'manual', 7, '2025-11-25 12:06:51', NULL),
(380, 2, 'cam2', 'green', 'manual', 7, '2025-11-25 12:06:51', NULL),
(381, 2, 'cam1', 'green', 'manual', 0, '2025-11-25 12:06:51', NULL),
(382, 2, 'cam2', 'red', 'manual', 0, '2025-11-25 12:06:51', NULL),
(383, 2, 'cam1', 'red', 'manual', 0, '2025-11-25 12:06:52', NULL),
(384, 2, 'cam2', 'green', 'manual', 0, '2025-11-25 12:06:52', NULL),
(385, 2, 'cam1', 'green', 'manual', 0, '2025-11-25 12:06:52', NULL),
(386, 2, 'cam2', 'red', 'manual', 0, '2025-11-25 12:06:52', NULL),
(387, 2, 'cam1', 'red', 'manual', 0, '2025-11-25 12:06:53', NULL),
(388, 2, 'cam2', 'green', 'manual', 0, '2025-11-25 12:06:53', NULL),
(389, 2, 'cam1', 'green', 'manual', 0, '2025-11-25 12:06:53', NULL),
(390, 2, 'cam2', 'red', 'manual', 0, '2025-11-25 12:06:53', NULL),
(391, 2, 'cam1', 'green', 'manual', 60, '2025-11-25 12:08:32', NULL),
(392, 2, 'cam2', 'red', 'manual', 60, '2025-11-25 12:08:32', NULL),
(393, 2, 'cam1', 'red', 'manual', 28, '2025-11-25 12:09:00', NULL),
(394, 2, 'cam2', 'green', 'manual', 28, '2025-11-25 12:09:00', NULL),
(395, 2, 'cam2', 'red', 'manual', 1, '2025-11-25 20:14:59', NULL),
(396, 2, 'cam1', 'green', 'manual', 1, '2025-11-25 20:14:59', NULL),
(397, 2, 'cam1', 'red', 'manual', 2, '2025-11-25 20:15:02', NULL),
(398, 2, 'cam2', 'green', 'manual', 2, '2025-11-25 20:15:02', NULL),
(399, 2, 'cam1', 'green', 'manual', 0, '2025-11-25 20:15:03', NULL),
(400, 2, 'cam2', 'red', 'manual', 0, '2025-11-25 20:15:03', NULL),
(401, 2, 'cam1', 'red', 'manual', 12, '2025-11-25 20:15:16', NULL),
(402, 2, 'cam2', 'green', 'manual', 12, '2025-11-25 20:15:16', NULL),
(403, 2, 'cam1', 'green', 'manual', 1, '2025-11-25 20:15:17', NULL),
(404, 2, 'cam2', 'red', 'manual', 1, '2025-11-25 20:15:17', NULL),
(405, 2, 'cam1', 'red', 'manual', 0, '2025-11-25 20:15:18', NULL),
(406, 2, 'cam2', 'green', 'manual', 0, '2025-11-25 20:15:18', NULL),
(407, 2, 'cam2', 'red', 'manual', 3, '2025-11-25 20:15:22', NULL),
(408, 2, 'cam1', 'green', 'manual', 3, '2025-11-25 20:15:22', NULL),
(409, 2, 'cam1', 'red', 'manual', 3, '2025-11-25 20:15:26', NULL),
(410, 2, 'cam2', 'green', 'manual', 3, '2025-11-25 20:15:26', NULL),
(411, 2, 'cam1', 'green', 'manual', 0, '2025-11-25 20:15:27', NULL),
(412, 2, 'cam2', 'red', 'manual', 0, '2025-11-25 20:15:27', NULL),
(413, 2, 'cam1', 'red', 'manual', 9, '2025-11-25 20:15:37', NULL),
(414, 2, 'cam2', 'green', 'manual', 9, '2025-11-25 20:15:37', NULL),
(415, 2, 'cam1', 'green', 'manual', 0, '2025-11-25 20:15:43', NULL),
(416, 2, 'cam2', 'red', 'manual', 0, '2025-11-25 20:15:43', NULL),
(417, 2, 'cam1', 'red', 'manual', 0, '2025-11-25 20:15:44', NULL),
(418, 2, 'cam2', 'green', 'manual', 0, '2025-11-25 20:15:44', NULL),
(419, 2, 'cam1', 'green', 'manual', 0, '2025-11-25 20:15:44', NULL),
(420, 2, 'cam2', 'red', 'manual', 0, '2025-11-25 20:15:44', NULL),
(421, 2, 'cam1', 'red', 'manual', 1, '2025-11-25 20:15:46', NULL),
(422, 2, 'cam2', 'green', 'manual', 1, '2025-11-25 20:15:46', NULL),
(423, 2, 'cam1', 'red', 'manual', 0, '2025-11-25 20:16:44', NULL),
(424, 2, 'cam2', 'green', 'manual', 0, '2025-11-25 20:16:44', NULL),
(425, 2, 'cam1', 'green', 'manual', 1, '2025-11-25 20:16:45', NULL),
(426, 2, 'cam2', 'red', 'manual', 1, '2025-11-25 20:16:45', NULL),
(427, 2, 'cam1', 'red', 'manual', 0, '2025-11-25 20:16:46', NULL),
(428, 2, 'cam2', 'green', 'manual', 0, '2025-11-25 20:16:46', NULL),
(429, 2, 'cam1', 'green', 'manual', 2, '2025-11-25 20:16:49', NULL),
(430, 2, 'cam2', 'red', 'manual', 2, '2025-11-25 20:16:49', NULL),
(431, 2, 'cam1', 'red', 'manual', 1, '2025-11-25 20:16:50', NULL),
(432, 2, 'cam2', 'green', 'manual', 1, '2025-11-25 20:16:50', NULL),
(433, 2, 'cam1', 'green', 'manual', 0, '2025-11-25 20:16:51', NULL),
(434, 2, 'cam2', 'red', 'manual', 0, '2025-11-25 20:16:51', NULL),
(435, 2, 'cam1', 'red', 'manual', 20, '2025-11-25 20:17:12', NULL),
(436, 2, 'cam2', 'green', 'manual', 20, '2025-11-25 20:17:12', NULL),
(437, 2, 'cam1', 'green', 'manual', 1, '2025-11-25 20:17:14', NULL),
(438, 2, 'cam2', 'red', 'manual', 1, '2025-11-25 20:17:14', NULL),
(439, 2, 'cam1', 'red', 'manual', 5, '2025-11-25 20:17:20', NULL),
(440, 2, 'cam2', 'green', 'manual', 5, '2025-11-25 20:17:20', NULL),
(441, 2, 'cam2', 'red', 'manual', 0, '2025-11-25 20:17:21', NULL),
(442, 2, 'cam1', 'green', 'manual', 0, '2025-11-25 20:17:21', NULL),
(443, 2, 'cam1', 'red', 'manual', 7, '2025-11-25 20:17:28', NULL),
(444, 2, 'cam2', 'green', 'manual', 7, '2025-11-25 20:17:28', NULL),
(445, 2, 'cam1', 'green', 'manual', 2, '2025-11-25 20:17:31', NULL),
(446, 2, 'cam2', 'red', 'manual', 2, '2025-11-25 20:17:31', NULL),
(447, 2, 'cam1', 'green', 'manual', 0, '2025-11-25 20:19:22', NULL),
(448, 2, 'cam2', 'red', 'manual', 0, '2025-11-25 20:19:22', NULL),
(449, 2, 'cam1', 'green', 'manual', 1, '2025-11-25 20:20:21', NULL),
(450, 2, 'cam2', 'red', 'manual', 1, '2025-11-25 20:20:21', NULL),
(451, 2, 'cam1', 'green', 'manual', 3, '2025-11-25 20:22:03', NULL),
(452, 2, 'cam2', 'red', 'manual', 3, '2025-11-25 20:22:03', NULL),
(453, 2, 'cam1', 'red', 'manual', 9, '2025-11-25 20:22:13', NULL),
(454, 2, 'cam2', 'green', 'manual', 9, '2025-11-25 20:22:13', NULL),
(455, 2, 'cam1', 'green', 'manual', 2, '2025-11-25 20:22:16', NULL),
(456, 2, 'cam2', 'red', 'manual', 2, '2025-11-25 20:22:16', NULL),
(457, 2, 'cam1', 'green', 'manual', 0, '2025-11-25 20:27:51', NULL),
(458, 2, 'cam2', 'red', 'manual', 0, '2025-11-25 20:27:51', NULL),
(459, 2, 'cam1', 'red', 'manual', 28, '2025-11-25 20:28:20', NULL),
(460, 2, 'cam2', 'green', 'manual', 28, '2025-11-25 20:28:20', NULL),
(461, 2, 'cam1', 'green', 'manual', 0, '2025-11-25 20:28:21', NULL),
(462, 2, 'cam2', 'red', 'manual', 0, '2025-11-25 20:28:21', NULL),
(463, 2, 'cam1', 'red', 'manual', 0, '2025-11-25 20:28:22', NULL),
(464, 2, 'cam2', 'green', 'manual', 0, '2025-11-25 20:28:22', NULL),
(465, 2, 'cam1', 'green', 'manual', 0, '2025-11-25 20:28:22', NULL),
(466, 2, 'cam2', 'red', 'manual', 0, '2025-11-25 20:28:22', NULL),
(467, 2, 'cam1', 'red', 'manual', 0, '2025-11-25 20:28:23', NULL),
(468, 2, 'cam2', 'green', 'manual', 0, '2025-11-25 20:28:23', NULL),
(469, 2, 'cam1', 'green', 'manual', 6, '2025-11-25 20:28:30', NULL),
(470, 2, 'cam2', 'red', 'manual', 6, '2025-11-25 20:28:30', NULL),
(471, 2, 'cam1', 'red', 'manual', 15, '2025-11-25 20:28:45', NULL),
(472, 2, 'cam2', 'green', 'manual', 15, '2025-11-25 20:28:45', NULL),
(473, 2, 'cam1', 'green', 'manual', 0, '2025-11-25 20:28:45', NULL),
(474, 2, 'cam2', 'red', 'manual', 0, '2025-11-25 20:28:45', NULL),
(475, 2, 'cam1', 'red', 'manual', 0, '2025-11-25 20:28:46', NULL),
(476, 2, 'cam2', 'green', 'manual', 0, '2025-11-25 20:28:46', NULL),
(477, 2, 'cam2', 'red', 'manual', 1, '2025-11-25 20:28:48', NULL),
(478, 2, 'cam1', 'green', 'manual', 1, '2025-11-25 20:28:48', NULL),
(479, 2, 'cam1', 'red', 'manual', 1, '2025-11-25 20:28:50', NULL),
(480, 2, 'cam2', 'green', 'manual', 1, '2025-11-25 20:28:50', NULL),
(481, 2, 'cam1', 'green', 'manual', 0, '2025-11-25 20:28:51', NULL),
(482, 2, 'cam2', 'red', 'manual', 0, '2025-11-25 20:28:51', NULL),
(483, 2, 'cam1', 'green', 'manual', 0, '2025-11-25 20:30:04', NULL),
(484, 2, 'cam2', 'red', 'manual', 0, '2025-11-25 20:30:04', NULL),
(485, 2, 'cam1', 'red', 'manual', 3, '2025-11-25 20:30:08', NULL),
(486, 2, 'cam2', 'green', 'manual', 3, '2025-11-25 20:30:08', NULL),
(487, 2, 'cam1', 'green', 'manual', 0, '2025-11-25 20:30:09', NULL),
(488, 2, 'cam2', 'red', 'manual', 0, '2025-11-25 20:30:09', NULL),
(489, 2, 'cam1', 'red', 'manual', 0, '2025-11-25 20:30:10', NULL),
(490, 2, 'cam2', 'green', 'manual', 0, '2025-11-25 20:30:10', NULL),
(491, 2, 'cam1', 'green', 'manual', 0, '2025-11-25 20:30:11', NULL),
(492, 2, 'cam2', 'red', 'manual', 0, '2025-11-25 20:30:11', NULL),
(493, 2, 'cam1', 'red', 'manual', 7, '2025-11-25 20:30:19', NULL),
(494, 2, 'cam2', 'green', 'manual', 7, '2025-11-25 20:30:19', NULL),
(495, 2, 'cam1', 'green', 'manual', 0, '2025-11-25 20:30:20', NULL),
(496, 2, 'cam2', 'red', 'manual', 0, '2025-11-25 20:30:20', NULL),
(497, 2, 'cam1', 'red', 'manual', 2, '2025-11-25 20:30:22', NULL),
(498, 2, 'cam2', 'green', 'manual', 2, '2025-11-25 20:30:22', NULL),
(499, 2, 'cam2', 'red', 'manual', 0, '2025-11-25 20:30:23', NULL),
(500, 2, 'cam1', 'green', 'manual', 0, '2025-11-25 20:30:23', NULL),
(501, 2, 'cam2', 'green', 'manual', 19, '2025-11-25 20:30:42', NULL),
(502, 2, 'cam1', 'red', 'manual', 19, '2025-11-25 20:30:42', NULL),
(503, 2, 'cam1', 'green', 'manual', 2, '2025-11-25 20:30:45', NULL),
(504, 2, 'cam2', 'red', 'manual', 2, '2025-11-25 20:30:45', NULL),
(505, 2, 'cam1', 'green', 'manual', 0, '2025-11-25 22:58:50', NULL),
(506, 2, 'cam2', 'red', 'manual', 0, '2025-11-25 22:58:50', NULL),
(507, 2, 'cam1', 'green', 'manual', 0, '2025-11-25 22:58:50', NULL),
(508, 2, 'cam2', 'red', 'manual', 0, '2025-11-25 22:58:50', NULL),
(509, 2, 'cam1', 'red', 'manual', 0, '2025-11-25 22:58:51', NULL),
(510, 2, 'cam2', 'green', 'manual', 0, '2025-11-25 22:58:51', NULL),
(511, 2, 'cam1', 'green', 'manual', 0, '2025-11-25 22:58:52', NULL),
(512, 2, 'cam2', 'red', 'manual', 0, '2025-11-25 22:58:52', NULL),
(513, 2, 'cam1', 'green', 'manual', 0, '2025-11-25 22:58:53', NULL),
(514, 2, 'cam2', 'red', 'manual', 0, '2025-11-25 22:58:53', NULL),
(515, 2, 'cam1', 'red', 'manual', 0, '2025-11-25 22:58:53', NULL),
(516, 2, 'cam2', 'green', 'manual', 0, '2025-11-25 22:58:53', NULL),
(517, 2, 'cam1', 'green', 'manual', 0, '2025-11-25 22:58:54', NULL),
(518, 2, 'cam2', 'red', 'manual', 0, '2025-11-25 22:58:54', NULL),
(519, 2, 'cam2', 'red', 'manual', 0, '2025-11-25 22:58:54', NULL),
(520, 2, 'cam1', 'green', 'manual', 0, '2025-11-25 22:58:54', NULL),
(521, 2, 'cam1', 'red', 'manual', 1, '2025-11-25 22:58:56', NULL),
(522, 2, 'cam2', 'green', 'manual', 1, '2025-11-25 22:58:56', NULL),
(523, 2, 'cam1', 'green', 'manual', 0, '2025-11-25 22:58:57', NULL),
(524, 2, 'cam2', 'red', 'manual', 0, '2025-11-25 22:58:57', NULL),
(525, 2, 'cam1', 'green', 'auto', 32, '2025-11-25 22:59:30', NULL),
(526, 2, 'cam2', 'red', 'auto', 32, '2025-11-25 22:59:30', NULL),
(527, 2, 'cam1', 'red', 'auto', 32, '2025-11-25 23:00:03', NULL),
(528, 2, 'cam2', 'green', 'auto', 32, '2025-11-25 23:00:03', NULL),
(529, 2, 'cam1', 'green', 'auto', 32, '2025-11-25 23:00:36', NULL),
(530, 2, 'cam2', 'red', 'auto', 32, '2025-11-25 23:00:36', NULL),
(531, 4, 'cam1', 'green', 'manual', 0, '2025-11-25 23:15:35', NULL),
(532, 4, 'cam2', 'red', 'manual', 0, '2025-11-25 23:15:35', NULL),
(533, 4, 'cam1', 'red', 'manual', 1, '2025-11-25 23:15:36', NULL),
(534, 4, 'cam2', 'green', 'manual', 1, '2025-11-25 23:15:36', NULL),
(535, 4, 'cam1', 'green', 'manual', 0, '2025-11-25 23:15:37', NULL),
(536, 4, 'cam2', 'red', 'manual', 0, '2025-11-25 23:15:37', NULL),
(537, 4, 'cam1', 'red', 'manual', 5, '2025-11-25 23:15:43', NULL),
(538, 4, 'cam2', 'green', 'manual', 5, '2025-11-25 23:15:43', NULL),
(539, 4, 'cam1', 'green', 'manual', 0, '2025-11-25 23:15:44', NULL),
(540, 4, 'cam2', 'red', 'manual', 0, '2025-11-25 23:15:44', NULL),
(541, 4, 'cam1', 'green', 'manual', 0, '2025-11-25 23:17:22', NULL),
(542, 4, 'cam2', 'red', 'manual', 0, '2025-11-25 23:17:22', NULL),
(543, 4, 'cam1', 'green', 'manual', 0, '2025-11-25 23:17:23', NULL),
(544, 4, 'cam2', 'red', 'manual', 0, '2025-11-25 23:17:23', NULL),
(545, 4, 'cam1', 'red', 'manual', 12, '2025-11-25 23:17:36', NULL),
(546, 4, 'cam2', 'green', 'manual', 12, '2025-11-25 23:17:36', NULL),
(547, 2, 'cam1', 'red', 'manual', 1, '2025-11-26 16:18:03', NULL),
(548, 2, 'cam2', 'green', 'manual', 1, '2025-11-26 16:18:03', NULL),
(549, 2, 'cam1', 'red', 'manual', 0, '2025-11-26 16:18:04', NULL),
(550, 2, 'cam2', 'green', 'manual', 0, '2025-11-26 16:18:04', NULL),
(551, 2, 'cam1', 'green', 'manual', 1, '2025-11-26 16:18:13', NULL),
(552, 2, 'cam2', 'red', 'manual', 1, '2025-11-26 16:18:13', NULL),
(553, 2, 'cam1', 'green', 'manual', 1, '2025-11-26 16:18:14', NULL),
(554, 2, 'cam2', 'red', 'manual', 1, '2025-11-26 16:18:14', NULL),
(555, 2, 'cam1', 'green', 'manual', 0, '2025-11-26 16:18:15', NULL),
(556, 2, 'cam2', 'red', 'manual', 0, '2025-11-26 16:18:15', NULL),
(557, 2, 'cam1', 'green', 'manual', 0, '2025-11-26 16:18:15', NULL),
(558, 2, 'cam2', 'red', 'manual', 0, '2025-11-26 16:18:15', NULL),
(559, 2, 'cam1', 'red', 'manual', 3, '2025-11-26 16:18:23', NULL),
(560, 2, 'cam2', 'green', 'manual', 3, '2025-11-26 16:18:23', NULL),
(561, 2, 'cam1', 'red', 'manual', 1, '2025-11-26 16:18:25', NULL),
(562, 2, 'cam2', 'green', 'manual', 1, '2025-11-26 16:18:26', NULL),
(563, 2, 'cam1', 'green', 'manual', 1, '2025-11-26 16:18:27', NULL),
(564, 2, 'cam2', 'red', 'manual', 1, '2025-11-26 16:18:27', NULL),
(565, 2, 'cam1', 'green', 'manual', 3, '2025-11-26 16:18:31', NULL),
(566, 2, 'cam2', 'red', 'manual', 3, '2025-11-26 16:18:31', NULL),
(567, 2, 'cam1', 'green', 'manual', 0, '2025-11-26 16:18:51', NULL),
(568, 2, 'cam2', 'red', 'manual', 0, '2025-11-26 16:18:51', NULL),
(569, 2, 'cam1', 'green', 'manual', 1, '2025-11-26 16:18:52', NULL),
(570, 2, 'cam2', 'red', 'manual', 1, '2025-11-26 16:18:52', NULL),
(571, 2, 'cam1', 'green', 'manual', 0, '2025-11-26 16:18:53', NULL),
(572, 2, 'cam2', 'red', 'manual', 0, '2025-11-26 16:18:53', NULL),
(573, 2, 'cam1', 'green', 'manual', 2, '2025-11-26 16:18:56', NULL),
(574, 2, 'cam2', 'red', 'manual', 2, '2025-11-26 16:18:56', NULL),
(575, 2, 'cam1', 'red', 'manual', 0, '2025-11-26 16:18:59', NULL),
(576, 2, 'cam2', 'green', 'manual', 0, '2025-11-26 16:18:59', NULL),
(577, 2, 'cam1', 'red', 'manual', 0, '2025-11-26 16:18:59', NULL),
(578, 2, 'cam2', 'green', 'manual', 0, '2025-11-26 16:18:59', NULL),
(579, 2, 'cam1', 'red', 'manual', 0, '2025-11-26 16:18:59', NULL),
(580, 2, 'cam2', 'green', 'manual', 0, '2025-11-26 16:18:59', NULL),
(581, 2, 'cam1', 'red', 'manual', 1, '2025-11-26 16:19:00', NULL),
(582, 2, 'cam2', 'green', 'manual', 1, '2025-11-26 16:19:00', NULL),
(583, 2, 'cam2', 'red', 'manual', 0, '2025-11-26 16:19:06', NULL),
(584, 2, 'cam1', 'green', 'manual', 0, '2025-11-26 16:19:06', NULL),
(585, 2, 'cam1', 'red', 'manual', 1, '2025-11-26 16:19:33', NULL),
(586, 2, 'cam2', 'green', 'manual', 1, '2025-11-26 16:19:33', NULL),
(587, 2, 'cam1', 'red', 'manual', 0, '2025-11-26 16:19:33', NULL),
(588, 2, 'cam2', 'green', 'manual', 0, '2025-11-26 16:19:33', NULL),
(589, 2, 'cam1', 'red', 'manual', 1, '2025-11-26 16:19:34', NULL),
(590, 2, 'cam2', 'green', 'manual', 1, '2025-11-26 16:19:34', NULL),
(591, 2, 'cam1', 'red', 'manual', 0, '2025-11-26 16:19:35', NULL),
(592, 2, 'cam2', 'green', 'manual', 0, '2025-11-26 16:19:35', NULL),
(593, 2, 'cam1', 'green', 'auto', 12, '2025-11-26 16:19:48', NULL),
(594, 2, 'cam2', 'red', 'auto', 12, '2025-11-26 16:19:48', NULL),
(595, 2, 'cam1', 'red', 'auto', 12, '2025-11-26 16:20:15', NULL),
(596, 2, 'cam2', 'green', 'auto', 12, '2025-11-26 16:20:15', NULL),
(597, 2, 'cam1', 'green', 'auto', 12, '2025-11-26 16:20:32', NULL),
(598, 2, 'cam2', 'red', 'auto', 12, '2025-11-26 16:20:32', NULL),
(599, 2, 'cam1', 'red', 'auto', 12, '2025-11-26 16:20:47', NULL),
(600, 2, 'cam2', 'green', 'auto', 12, '2025-11-26 16:20:47', NULL),
(601, 2, 'cam1', 'red', 'manual', 1, '2025-11-26 16:21:37', NULL),
(602, 2, 'cam2', 'green', 'manual', 1, '2025-11-26 16:21:37', NULL),
(603, 2, 'cam1', 'red', 'manual', 0, '2025-11-26 16:21:37', NULL),
(604, 2, 'cam1', 'green', 'manual', 0, '2025-11-26 16:21:52', NULL),
(605, 2, 'cam2', 'red', 'manual', 0, '2025-11-26 16:21:52', NULL),
(606, 2, 'cam1', 'green', 'manual', 2, '2025-11-26 16:21:54', NULL),
(607, 2, 'cam2', 'red', 'manual', 2, '2025-11-26 16:21:54', NULL),
(608, 2, 'cam1', 'red', 'manual', 3, '2025-11-26 16:21:58', NULL),
(609, 2, 'cam2', 'green', 'manual', 3, '2025-11-26 16:21:58', NULL),
(610, 2, 'cam1', 'green', 'manual', 0, '2025-11-26 16:22:10', NULL),
(611, 2, 'cam2', 'red', 'manual', 0, '2025-11-26 16:22:10', NULL),
(612, 2, 'cam1', 'green', 'manual', 1, '2025-11-26 16:22:11', NULL),
(613, 2, 'cam2', 'red', 'manual', 1, '2025-11-26 16:22:11', NULL),
(614, 2, 'cam1', 'green', 'manual', 4, '2025-11-26 16:22:16', NULL),
(615, 2, 'cam2', 'red', 'manual', 4, '2025-11-26 16:22:16', NULL),
(616, 2, 'cam1', 'red', 'manual', 0, '2025-11-26 16:22:19', NULL),
(617, 2, 'cam2', 'green', 'manual', 0, '2025-11-26 16:22:19', NULL),
(618, 2, 'cam1', 'red', 'manual', 1, '2025-11-26 16:22:21', NULL),
(619, 2, 'cam2', 'green', 'manual', 1, '2025-11-26 16:22:21', NULL),
(620, 2, 'cam1', 'red', 'manual', 1, '2025-11-26 16:22:26', NULL),
(621, 2, 'cam2', 'green', 'manual', 1, '2025-11-26 16:22:26', NULL),
(622, 2, 'cam1', 'green', 'manual', 0, '2025-11-26 16:22:26', NULL),
(623, 2, 'cam2', 'red', 'manual', 0, '2025-11-26 16:22:26', NULL),
(624, 2, 'cam1', 'red', 'manual', 1, '2025-11-26 16:23:06', NULL),
(625, 2, 'cam2', 'green', 'manual', 1, '2025-11-26 16:23:06', NULL),
(626, 2, 'cam1', 'red', 'manual', 0, '2025-11-26 16:23:08', NULL),
(627, 2, 'cam2', 'green', 'manual', 0, '2025-11-26 16:23:08', NULL),
(628, 2, 'cam1', 'green', 'manual', 0, '2025-11-26 16:23:08', NULL),
(629, 2, 'cam2', 'red', 'manual', 0, '2025-11-26 16:23:08', NULL),
(630, 2, 'cam1', 'green', 'manual', 2, '2025-11-26 16:23:10', NULL),
(631, 2, 'cam2', 'red', 'manual', 2, '2025-11-26 16:23:10', NULL),
(632, 2, 'cam1', 'green', 'auto', 12, '2025-11-26 16:23:45', NULL),
(633, 2, 'cam2', 'red', 'auto', 12, '2025-11-26 16:23:45', NULL),
(634, 2, 'cam1', 'red', 'auto', 12, '2025-11-26 16:24:03', NULL),
(635, 2, 'cam2', 'green', 'auto', 12, '2025-11-26 16:24:03', NULL),
(636, 2, 'cam1', 'green', 'auto', 12, '2025-11-26 16:24:19', NULL),
(637, 2, 'cam2', 'red', 'auto', 12, '2025-11-26 16:24:19', NULL),
(638, 2, 'cam1', 'green', 'auto', 12, '2025-11-26 16:24:53', NULL),
(639, 2, 'cam2', 'red', 'auto', 12, '2025-11-26 16:24:53', NULL),
(640, 2, 'cam1', 'red', 'auto', 12, '2025-11-26 16:25:21', NULL),
(641, 2, 'cam2', 'green', 'auto', 12, '2025-11-26 16:25:21', NULL),
(642, 2, 'cam1', 'green', 'auto', 12, '2025-11-26 16:25:35', NULL),
(643, 2, 'cam2', 'red', 'auto', 12, '2025-11-26 16:25:35', NULL),
(644, 2, 'cam1', 'red', 'auto', 12, '2025-11-26 16:25:48', NULL),
(645, 2, 'cam2', 'green', 'auto', 12, '2025-11-26 16:25:48', NULL),
(646, 2, 'cam1', 'green', 'auto', 12, '2025-11-26 16:26:07', NULL),
(647, 2, 'cam2', 'red', 'auto', 12, '2025-11-26 16:26:07', NULL),
(649, 2, 'cam2', 'red', 'auto', 12, '2025-11-26 16:26:07', NULL),
(650, 2, 'cam1', 'red', 'auto', 12, '2025-11-26 16:26:22', NULL),
(651, 2, 'cam2', 'green', 'auto', 12, '2025-11-26 16:26:22', NULL),
(652, 2, 'cam1', 'red', 'auto', 12, '2025-11-26 16:26:22', NULL),
(653, 2, 'cam2', 'green', 'auto', 12, '2025-11-26 16:26:22', NULL),
(654, 2, 'cam2', 'red', 'auto', 12, '2025-11-26 16:26:41', NULL),
(655, 2, 'cam1', 'green', 'auto', 12, '2025-11-26 16:26:41', NULL),
(656, 2, 'cam1', 'green', 'auto', 12, '2025-11-26 16:26:41', NULL),
(657, 2, 'cam2', 'red', 'auto', 12, '2025-11-26 16:26:41', NULL),
(658, 2, 'cam1', 'red', 'auto', 12, '2025-11-26 16:26:57', NULL),
(659, 2, 'cam2', 'green', 'auto', 12, '2025-11-26 16:26:57', NULL),
(660, 2, 'cam1', 'red', 'auto', 12, '2025-11-26 16:26:59', NULL),
(661, 2, 'cam2', 'green', 'auto', 12, '2025-11-26 16:26:59', NULL),
(663, 2, 'cam2', 'red', 'auto', 12, '2025-11-26 16:27:13', NULL),
(664, 2, 'cam1', 'green', 'auto', 12, '2025-11-26 16:27:13', NULL),
(665, 2, 'cam2', 'red', 'auto', 12, '2025-11-26 16:27:13', NULL),
(666, 2, 'cam1', 'green', 'manual', 1, '2025-11-26 16:27:32', NULL),
(667, 2, 'cam2', 'red', 'manual', 1, '2025-11-26 16:27:32', NULL),
(668, 2, 'cam1', 'green', 'manual', 0, '2025-11-26 16:27:34', NULL),
(669, 2, 'cam2', 'red', 'manual', 0, '2025-11-26 16:27:34', NULL),
(670, 2, 'cam1', 'green', 'manual', 0, '2025-11-26 16:27:34', NULL),
(671, 2, 'cam2', 'red', 'manual', 0, '2025-11-26 16:27:34', NULL),
(672, 2, 'cam1', 'green', 'manual', 0, '2025-11-26 16:27:34', NULL),
(673, 2, 'cam2', 'red', 'manual', 0, '2025-11-26 16:27:34', NULL),
(674, 2, 'cam1', 'green', 'manual', 0, '2025-11-26 16:27:34', NULL),
(675, 2, 'cam2', 'red', 'manual', 0, '2025-11-26 16:27:34', NULL),
(676, 2, 'cam1', 'green', 'manual', 0, '2025-11-26 16:27:34', NULL),
(677, 2, 'cam2', 'red', 'manual', 0, '2025-11-26 16:27:34', NULL),
(678, 2, 'cam1', 'green', 'manual', 0, '2025-11-26 16:27:34', NULL),
(679, 2, 'cam2', 'red', 'manual', 0, '2025-11-26 16:27:34', NULL),
(680, 2, 'cam1', 'red', 'manual', 1, '2025-11-26 16:27:36', NULL),
(681, 2, 'cam2', 'green', 'manual', 1, '2025-11-26 16:27:36', NULL),
(682, 2, 'cam1', 'red', 'manual', 2, '2025-11-26 16:27:38', NULL),
(683, 2, 'cam2', 'green', 'manual', 2, '2025-11-26 16:27:38', NULL),
(684, 2, 'cam1', 'green', 'manual', 7, '2025-11-26 16:27:46', NULL),
(685, 2, 'cam2', 'red', 'manual', 7, '2025-11-26 16:27:46', NULL),
(686, 2, 'cam1', 'red', 'manual', 0, '2025-11-26 16:27:51', NULL),
(687, 2, 'cam2', 'green', 'manual', 0, '2025-11-26 16:27:51', NULL),
(688, 2, 'cam1', 'red', 'manual', 0, '2025-11-26 16:27:51', NULL),
(689, 2, 'cam2', 'green', 'manual', 0, '2025-11-26 16:27:51', NULL),
(700, 2, 'cam1', 'green', 'manual', 14, '2025-11-29 11:24:57', NULL),
(701, 2, 'cam2', 'red', 'manual', 14, '2025-11-29 11:24:57', NULL),
(702, 2, 'cam2', 'green', 'manual', 0, '2025-11-29 11:24:59', NULL),
(703, 2, 'cam1', 'red', 'manual', 0, '2025-11-29 11:24:59', NULL),
(704, 2, 'cam2', 'red', 'manual', 0, '2025-11-29 11:24:59', NULL),
(705, 2, 'cam1', 'green', 'manual', 0, '2025-11-29 11:24:59', NULL),
(706, 2, 'cam1', 'red', 'manual', 0, '2025-11-29 11:25:00', NULL),
(707, 2, 'cam2', 'green', 'manual', 0, '2025-11-29 11:25:00', NULL),
(708, 2, 'cam1', 'green', 'manual', 0, '2025-11-29 11:25:01', NULL),
(709, 2, 'cam2', 'red', 'manual', 0, '2025-11-29 11:25:01', NULL),
(710, 2, 'cam1', 'red', 'manual', 0, '2025-11-29 11:25:02', NULL),
(711, 2, 'cam2', 'green', 'manual', 0, '2025-11-29 11:25:02', NULL),
(712, 2, 'cam1', 'green', 'auto', 15, '2025-11-29 11:25:20', NULL),
(713, 2, 'cam2', 'red', 'auto', 15, '2025-11-29 11:25:20', NULL),
(714, 2, 'cam1', 'red', 'auto', 30, '2025-11-29 11:25:51', NULL),
(715, 2, 'cam2', 'green', 'auto', 30, '2025-11-29 11:25:51', NULL),
(716, 2, 'cam2', 'red', 'auto', 30, '2025-11-29 11:26:10', NULL),
(717, 2, 'cam1', 'green', 'auto', 15, '2025-11-29 11:26:10', NULL),
(718, 2, 'cam2', 'red', 'auto', 15, '2025-11-29 12:58:31', NULL),
(719, 2, 'cam1', 'green', 'auto', 15, '2025-11-29 12:58:31', NULL),
(720, 2, 'cam1', 'green', 'auto', 15, '2025-11-29 13:00:33', NULL),
(721, 2, 'cam2', 'red', 'auto', 15, '2025-11-29 13:00:33', NULL),
(722, 2, 'cam2', 'green', 'auto', 30, '2025-11-29 13:00:59', NULL),
(723, 2, 'cam1', 'red', 'auto', 30, '2025-11-29 13:00:59', NULL),
(724, 2, 'cam2', 'red', 'auto', 15, '2025-11-29 13:01:15', NULL),
(725, 2, 'cam1', 'green', 'auto', 15, '2025-11-29 13:01:15', NULL),
(726, 2, 'cam2', 'green', 'auto', 30, '2025-11-29 13:01:48', NULL),
(727, 2, 'cam1', 'red', 'auto', 30, '2025-11-29 13:01:48', NULL),
(728, 2, 'cam2', 'red', 'manual', 0, '2025-11-29 13:46:17', NULL),
(729, 2, 'cam1', 'green', 'manual', 0, '2025-11-29 13:46:17', NULL),
(730, 2, 'cam1', 'red', 'manual', 1, '2025-11-29 13:46:18', NULL),
(731, 2, 'cam2', 'green', 'manual', 1, '2025-11-29 13:46:18', NULL),
(732, 2, 'cam1', 'green', 'manual', 0, '2025-11-29 13:46:19', NULL),
(733, 2, 'cam2', 'red', 'manual', 0, '2025-11-29 13:46:19', NULL),
(734, 2, 'cam1', 'red', 'manual', 0, '2025-11-29 13:46:20', NULL),
(735, 2, 'cam2', 'green', 'manual', 0, '2025-11-29 13:46:20', NULL),
(736, 2, 'cam1', 'green', 'manual', 0, '2025-11-29 13:46:21', NULL),
(737, 2, 'cam2', 'red', 'manual', 0, '2025-11-29 13:46:21', NULL),
(738, 2, 'cam1', 'red', 'manual', 29, '2025-11-29 13:46:50', NULL),
(739, 2, 'cam2', 'green', 'manual', 29, '2025-11-29 13:46:50', NULL),
(740, 2, 'cam2', 'red', 'manual', 0, '2025-11-29 13:46:51', NULL),
(741, 2, 'cam1', 'green', 'manual', 0, '2025-11-29 13:46:51', NULL),
(742, 2, 'cam1', 'green', 'manual', 0, '2025-11-29 13:50:38', NULL),
(743, 2, 'cam2', 'red', 'manual', 0, '2025-11-29 13:50:38', NULL),
(744, 2, 'cam1', 'red', 'manual', 0, '2025-11-29 13:50:39', NULL),
(745, 2, 'cam2', 'green', 'manual', 0, '2025-11-29 13:50:39', NULL),
(746, 2, 'cam1', 'red', 'manual', 0, '2025-11-29 13:50:39', NULL),
(747, 2, 'cam2', 'green', 'manual', 0, '2025-11-29 13:50:39', NULL),
(748, 2, 'cam1', 'green', 'manual', 0, '2025-11-29 13:50:40', NULL),
(749, 2, 'cam2', 'red', 'manual', 0, '2025-11-29 13:50:40', NULL),
(750, 2, 'cam1', 'red', 'manual', 0, '2025-11-29 13:50:41', NULL),
(751, 2, 'cam2', 'green', 'manual', 0, '2025-11-29 13:50:41', NULL),
(752, 2, 'cam1', 'green', 'manual', 0, '2025-11-29 13:50:42', NULL),
(753, 2, 'cam2', 'red', 'manual', 0, '2025-11-29 13:50:42', NULL),
(754, 2, 'cam1', 'red', 'manual', 0, '2025-11-29 13:50:43', NULL),
(755, 2, 'cam2', 'green', 'manual', 0, '2025-11-29 13:50:43', NULL),
(756, 2, 'cam1', 'green', 'manual', 0, '2025-11-29 13:50:44', NULL),
(757, 2, 'cam2', 'red', 'manual', 0, '2025-11-29 13:50:44', NULL),
(758, 2, 'cam2', 'green', 'manual', 0, '2025-11-29 13:50:44', NULL),
(759, 2, 'cam1', 'red', 'manual', 0, '2025-11-29 13:50:44', NULL),
(760, 2, 'cam2', 'red', 'manual', 0, '2025-11-29 13:50:45', NULL),
(761, 2, 'cam1', 'green', 'manual', 0, '2025-11-29 13:50:45', NULL),
(762, 2, 'cam1', 'red', 'manual', 0, '2025-11-29 13:50:46', NULL),
(763, 2, 'cam2', 'green', 'manual', 0, '2025-11-29 13:50:46', NULL),
(764, 2, 'cam1', 'red', 'manual', 0, '2025-11-29 13:50:46', NULL),
(765, 2, 'cam2', 'green', 'manual', 0, '2025-11-29 13:50:46', NULL),
(766, 2, 'cam1', 'green', 'manual', 0, '2025-11-29 13:50:47', NULL),
(767, 2, 'cam2', 'red', 'manual', 0, '2025-11-29 13:50:47', NULL),
(768, 2, 'cam1', 'red', 'manual', 0, '2025-11-29 13:50:47', NULL),
(769, 2, 'cam2', 'green', 'manual', 0, '2025-11-29 13:50:47', NULL),
(770, 2, 'cam1', 'green', 'manual', 0, '2025-11-29 13:50:48', NULL),
(771, 2, 'cam2', 'red', 'manual', 0, '2025-11-29 13:50:48', NULL),
(772, 2, 'cam2', 'green', 'manual', 0, '2025-11-29 13:50:49', NULL),
(773, 2, 'cam1', 'red', 'manual', 0, '2025-11-29 13:50:49', NULL),
(774, 2, 'cam2', 'red', 'manual', 0, '2025-11-29 13:50:51', NULL),
(775, 2, 'cam1', 'green', 'manual', 0, '2025-11-29 13:50:51', NULL),
(776, 2, 'cam2', 'red', 'manual', 0, '2025-11-29 13:50:52', NULL),
(777, 2, 'cam1', 'green', 'manual', 0, '2025-11-29 13:50:52', NULL);
INSERT INTO `traffic_logs` (`id`, `user_id`, `camera_id`, `light_state`, `mode_type`, `duration_seconds`, `timestamp`, `notes`) VALUES
(778, 2, 'cam1', 'red', 'manual', 3, '2025-11-29 13:50:55', NULL),
(779, 2, 'cam2', 'green', 'manual', 3, '2025-11-29 13:50:55', NULL),
(780, 2, 'cam2', 'red', 'manual', 1, '2025-11-29 13:50:57', NULL),
(781, 2, 'cam1', 'green', 'manual', 1, '2025-11-29 13:50:57', NULL),
(782, 2, 'cam1', 'red', 'manual', 0, '2025-11-29 13:50:58', NULL),
(783, 2, 'cam2', 'green', 'manual', 0, '2025-11-29 13:50:58', NULL),
(784, 2, 'cam1', 'red', 'manual', 0, '2025-11-29 13:50:58', NULL),
(785, 2, 'cam2', 'green', 'manual', 0, '2025-11-29 13:50:58', NULL),
(786, 2, 'cam1', 'green', 'manual', 0, '2025-11-29 13:50:59', NULL),
(787, 2, 'cam2', 'red', 'manual', 0, '2025-11-29 13:50:59', NULL),
(788, 2, 'cam1', 'red', 'manual', 0, '2025-11-29 13:50:59', NULL),
(789, 2, 'cam2', 'green', 'manual', 0, '2025-11-29 13:50:59', NULL),
(790, 2, 'cam1', 'green', 'manual', 0, '2025-11-29 13:51:00', NULL),
(791, 2, 'cam2', 'red', 'manual', 0, '2025-11-29 13:51:00', NULL),
(792, 2, 'cam2', 'green', 'manual', 0, '2025-11-29 13:51:01', NULL),
(793, 2, 'cam1', 'red', 'manual', 0, '2025-11-29 13:51:01', NULL),
(794, 2, 'cam2', 'red', 'manual', 0, '2025-11-29 13:51:02', NULL),
(795, 2, 'cam1', 'green', 'manual', 0, '2025-11-29 13:51:02', NULL),
(796, 2, 'cam2', 'green', 'manual', 0, '2025-11-29 13:51:02', NULL),
(797, 2, 'cam1', 'red', 'manual', 0, '2025-11-29 13:51:02', NULL),
(798, 2, 'cam1', 'green', 'manual', 0, '2025-11-29 13:51:03', NULL),
(799, 2, 'cam2', 'red', 'manual', 0, '2025-11-29 13:51:03', NULL),
(800, 2, 'cam1', 'red', 'manual', 0, '2025-11-29 13:51:04', NULL),
(801, 2, 'cam2', 'green', 'manual', 0, '2025-11-29 13:51:04', NULL),
(802, 2, 'cam1', 'red', 'manual', 1, '2025-11-29 13:56:00', NULL),
(803, 2, 'cam2', 'green', 'manual', 1, '2025-11-29 13:56:00', NULL),
(804, 2, 'cam1', 'red', 'manual', 1, '2025-11-29 13:56:02', NULL),
(805, 2, 'cam2', 'green', 'manual', 1, '2025-11-29 13:56:02', NULL),
(806, 2, 'cam2', 'red', 'manual', 0, '2025-11-29 13:56:04', NULL),
(807, 2, 'cam1', 'green', 'manual', 0, '2025-11-29 13:56:04', NULL),
(808, 2, 'cam1', 'green', 'manual', 0, '2025-11-29 13:56:04', NULL),
(809, 2, 'cam2', 'red', 'manual', 0, '2025-11-29 13:56:04', NULL),
(810, 2, 'cam1', 'red', 'manual', 2, '2025-11-29 13:56:08', NULL),
(811, 2, 'cam2', 'green', 'manual', 2, '2025-11-29 13:56:08', NULL),
(812, 2, 'cam1', 'green', 'manual', 2, '2025-11-29 13:56:14', NULL),
(813, 2, 'cam2', 'red', 'manual', 2, '2025-11-29 13:56:14', NULL),
(814, 2, 'cam1', 'red', 'manual', 0, '2025-11-29 13:56:16', NULL),
(815, 2, 'cam2', 'green', 'manual', 0, '2025-11-29 13:56:16', NULL),
(816, 2, 'cam1', 'red', 'manual', 0, '2025-11-29 13:56:17', NULL),
(817, 2, 'cam2', 'green', 'manual', 0, '2025-11-29 13:56:17', NULL),
(818, 2, 'cam1', 'green', 'manual', 0, '2025-11-29 13:56:21', NULL),
(819, 2, 'cam2', 'red', 'manual', 0, '2025-11-29 13:56:21', NULL),
(820, 2, 'cam2', 'red', 'manual', 1, '2025-11-29 13:56:22', NULL),
(821, 2, 'cam1', 'green', 'manual', 1, '2025-11-29 13:56:22', NULL),
(822, 2, 'cam1', 'green', 'manual', 0, '2025-11-29 13:56:23', NULL),
(823, 2, 'cam2', 'red', 'manual', 0, '2025-11-29 13:56:23', NULL),
(824, 2, 'cam1', 'red', 'manual', 0, '2025-11-29 13:56:23', NULL),
(825, 2, 'cam2', 'green', 'manual', 0, '2025-11-29 13:56:23', NULL),
(826, 2, 'cam1', 'green', 'manual', 1, '2025-11-29 13:56:25', NULL),
(827, 2, 'cam2', 'red', 'manual', 1, '2025-11-29 13:56:25', NULL),
(828, 2, 'cam2', 'red', 'manual', 0, '2025-11-29 13:56:47', NULL),
(829, 2, 'cam1', 'green', 'manual', 0, '2025-11-29 13:56:47', NULL),
(830, 2, 'cam1', 'green', 'manual', 1, '2025-11-29 13:56:48', NULL),
(831, 2, 'cam2', 'red', 'manual', 1, '2025-11-29 13:56:48', NULL),
(832, 2, 'cam1', 'red', 'manual', 1, '2025-11-29 13:56:52', NULL),
(833, 2, 'cam2', 'green', 'manual', 1, '2025-11-29 13:56:52', NULL),
(834, 2, 'cam2', 'green', 'manual', 1, '2025-11-29 13:56:54', NULL),
(835, 2, 'cam1', 'red', 'manual', 1, '2025-11-29 13:56:54', NULL),
(836, 2, 'cam2', 'red', 'manual', 0, '2025-11-29 13:56:56', NULL),
(837, 2, 'cam1', 'green', 'manual', 0, '2025-11-29 13:56:56', NULL),
(838, 2, 'cam2', 'red', 'manual', 1, '2025-11-29 13:56:57', NULL),
(839, 2, 'cam1', 'green', 'manual', 1, '2025-11-29 13:56:57', NULL),
(840, 2, 'cam2', 'red', 'auto', 15, '2025-11-29 14:55:27', NULL),
(841, 2, 'cam1', 'green', 'auto', 15, '2025-11-29 14:55:27', NULL),
(842, 2, 'cam1', 'green', 'auto', 15, '2025-11-29 14:57:32', NULL),
(843, 2, 'cam2', 'red', 'auto', 15, '2025-11-29 14:57:32', NULL),
(844, 2, 'cam2', 'green', 'auto', 30, '2025-11-29 14:58:13', NULL),
(845, 2, 'cam1', 'red', 'auto', 30, '2025-11-29 14:58:13', NULL),
(846, 2, 'cam1', 'green', 'auto', 15, '2025-11-29 15:03:28', NULL),
(847, 2, 'cam2', 'red', 'auto', 30, '2025-11-29 15:03:28', NULL),
(848, 2, 'cam2', 'green', 'auto', 30, '2025-11-29 15:04:08', NULL),
(849, 2, 'cam1', 'red', 'auto', 30, '2025-11-29 15:04:08', NULL),
(850, 2, 'cam1', 'green', 'auto', 15, '2025-11-29 15:04:33', NULL),
(851, 2, 'cam2', 'red', 'auto', 15, '2025-11-29 15:04:33', NULL),
(852, 2, 'cam1', 'green', 'auto', 15, '2025-11-29 15:04:34', NULL),
(853, 2, 'cam2', 'red', 'auto', 15, '2025-11-29 15:04:34', NULL),
(854, 2, 'cam1', 'red', 'auto', 30, '2025-11-29 15:05:14', NULL),
(855, 2, 'cam2', 'green', 'auto', 30, '2025-11-29 15:05:14', NULL),
(856, 2, 'cam1', 'red', 'auto', 30, '2025-11-29 15:05:14', NULL),
(857, 2, 'cam2', 'green', 'auto', 30, '2025-11-29 15:05:14', NULL),
(858, 2, 'cam1', 'green', 'auto', 15, '2025-11-29 15:05:39', NULL),
(859, 2, 'cam2', 'red', 'auto', 15, '2025-11-29 15:05:39', NULL),
(860, 2, 'cam2', 'red', 'auto', 15, '2025-11-29 15:05:39', NULL),
(861, 2, 'cam1', 'green', 'auto', 15, '2025-11-29 15:05:39', NULL),
(862, 2, 'cam2', 'green', 'auto', 30, '2025-11-29 15:06:19', NULL),
(863, 2, 'cam1', 'red', 'auto', 30, '2025-11-29 15:06:19', NULL),
(864, 2, 'cam1', 'red', 'auto', 30, '2025-11-29 15:06:19', NULL),
(865, 2, 'cam2', 'green', 'auto', 30, '2025-11-29 15:06:19', NULL),
(866, 2, 'cam2', 'red', 'auto', 15, '2025-11-29 15:06:45', NULL),
(867, 2, 'cam1', 'green', 'auto', 15, '2025-11-29 15:06:45', NULL),
(868, 2, 'cam2', 'red', 'auto', 15, '2025-11-29 15:06:45', NULL),
(869, 2, 'cam1', 'green', 'auto', 15, '2025-11-29 15:06:45', NULL),
(870, 2, 'cam2', 'green', 'manual', 107, '2025-11-29 15:08:44', NULL),
(871, 2, 'cam1', 'red', 'manual', 107, '2025-11-29 15:08:44', NULL),
(872, 2, 'cam2', 'red', 'manual', 0, '2025-11-29 15:08:45', NULL),
(873, 2, 'cam1', 'green', 'manual', 0, '2025-11-29 15:08:45', NULL),
(874, 2, 'cam1', 'red', 'manual', 0, '2025-11-29 15:08:46', NULL),
(875, 2, 'cam2', 'green', 'manual', 0, '2025-11-29 15:08:46', NULL),
(876, 2, 'cam1', 'green', 'manual', 1, '2025-11-29 15:08:47', NULL),
(877, 2, 'cam2', 'red', 'manual', 1, '2025-11-29 15:08:47', NULL),
(878, 2, 'cam1', 'red', 'manual', 0, '2025-11-29 15:08:48', NULL),
(879, 2, 'cam2', 'green', 'manual', 0, '2025-11-29 15:08:48', NULL),
(880, 2, 'cam2', 'green', 'manual', 2, '2025-11-29 16:33:08', NULL),
(881, 2, 'cam1', 'red', 'manual', 2, '2025-11-29 16:33:08', NULL),
(882, 2, 'cam1', 'green', 'manual', 3, '2025-11-29 16:33:12', NULL),
(883, 2, 'cam2', 'red', 'manual', 3, '2025-11-29 16:33:12', NULL),
(884, 2, 'cam2', 'green', 'manual', 4, '2025-11-29 16:33:16', NULL),
(885, 2, 'cam1', 'red', 'manual', 4, '2025-11-29 16:33:16', NULL),
(886, 2, 'cam2', 'red', 'manual', 0, '2025-11-29 16:33:17', NULL),
(887, 2, 'cam1', 'green', 'manual', 0, '2025-11-29 16:33:17', NULL),
(888, 2, 'cam1', 'green', 'manual', 2, '2025-11-29 16:33:44', NULL),
(889, 2, 'cam2', 'red', 'manual', 2, '2025-11-29 16:33:44', NULL),
(890, 2, 'cam1', 'red', 'manual', 2, '2025-11-29 16:33:47', NULL),
(891, 2, 'cam2', 'green', 'manual', 2, '2025-11-29 16:33:47', NULL),
(892, 2, 'cam1', 'red', 'manual', 1, '2025-11-29 16:34:53', NULL),
(893, 2, 'cam2', 'green', 'manual', 1, '2025-11-29 16:34:53', NULL),
(894, 2, 'cam2', 'red', 'manual', 0, '2025-11-29 16:34:54', NULL),
(895, 2, 'cam1', 'green', 'manual', 0, '2025-11-29 16:34:54', NULL),
(896, 2, 'cam1', 'red', 'manual', 0, '2025-11-29 16:34:55', NULL),
(897, 2, 'cam2', 'green', 'manual', 0, '2025-11-29 16:34:55', NULL),
(898, 2, 'cam1', 'green', 'manual', 0, '2025-11-29 16:34:55', NULL),
(899, 2, 'cam2', 'red', 'manual', 0, '2025-11-29 16:34:55', NULL),
(900, 2, 'cam1', 'red', 'manual', 0, '2025-11-29 16:34:56', NULL),
(901, 2, 'cam2', 'green', 'manual', 0, '2025-11-29 16:34:56', NULL),
(902, 2, 'cam2', 'red', 'manual', 0, '2025-11-29 16:34:56', NULL),
(903, 2, 'cam1', 'green', 'manual', 0, '2025-11-29 16:34:56', NULL),
(904, 2, 'cam1', 'green', 'manual', 0, '2025-11-29 16:34:56', NULL),
(905, 2, 'cam2', 'red', 'manual', 0, '2025-11-29 16:34:56', NULL),
(906, 2, 'cam1', 'red', 'manual', 0, '2025-11-29 16:34:57', NULL),
(907, 2, 'cam2', 'green', 'manual', 0, '2025-11-29 16:34:57', NULL),
(908, 2, 'cam2', 'green', 'manual', 0, '2025-11-29 16:34:57', NULL),
(909, 2, 'cam1', 'red', 'manual', 0, '2025-11-29 16:34:57', NULL),
(910, 2, 'cam2', 'green', 'manual', 0, '2025-11-29 16:34:57', NULL),
(911, 2, 'cam1', 'red', 'manual', 0, '2025-11-29 16:34:57', NULL),
(912, 2, 'cam1', 'green', 'manual', 0, '2025-11-29 16:34:57', NULL),
(913, 2, 'cam2', 'red', 'manual', 0, '2025-11-29 16:34:57', NULL),
(914, 2, 'cam2', 'green', 'manual', 0, '2025-11-29 16:34:57', NULL),
(915, 2, 'cam1', 'red', 'manual', 0, '2025-11-29 16:34:57', NULL),
(916, 2, 'cam1', 'green', 'manual', 0, '2025-11-29 16:34:58', NULL),
(917, 2, 'cam2', 'red', 'manual', 0, '2025-11-29 16:34:58', NULL),
(918, 2, 'cam2', 'green', 'manual', 0, '2025-11-29 16:34:59', NULL),
(919, 2, 'cam1', 'red', 'manual', 0, '2025-11-29 16:34:59', NULL),
(920, 2, 'cam1', 'green', 'manual', 0, '2025-11-29 16:34:59', NULL),
(921, 2, 'cam2', 'red', 'manual', 0, '2025-11-29 16:34:59', NULL),
(922, 2, 'cam1', 'red', 'manual', 1, '2025-11-29 16:35:00', NULL),
(923, 2, 'cam2', 'green', 'manual', 1, '2025-11-29 16:35:00', NULL),
(924, 2, 'cam2', 'red', 'manual', 6, '2025-11-29 16:35:06', NULL),
(925, 2, 'cam1', 'green', 'manual', 6, '2025-11-29 16:35:06', NULL),
(926, 2, 'cam2', 'green', 'manual', 1, '2025-11-29 16:35:08', NULL),
(927, 2, 'cam1', 'red', 'manual', 1, '2025-11-29 16:35:08', NULL),
(928, 2, 'cam2', 'red', 'manual', 1, '2025-11-29 16:35:10', NULL),
(929, 2, 'cam1', 'green', 'manual', 1, '2025-11-29 16:35:10', NULL),
(930, 2, 'cam1', 'red', 'manual', 0, '2025-11-29 16:35:11', NULL),
(931, 2, 'cam2', 'green', 'manual', 0, '2025-11-29 16:35:11', NULL),
(932, 2, 'cam1', 'green', 'manual', 0, '2025-11-29 16:35:11', NULL),
(933, 2, 'cam2', 'red', 'manual', 0, '2025-11-29 16:35:11', NULL),
(934, 2, 'cam2', 'green', 'manual', 0, '2025-11-29 16:35:12', NULL),
(935, 2, 'cam1', 'red', 'manual', 0, '2025-11-29 16:35:12', NULL),
(936, 2, 'cam1', 'green', 'manual', 15, '2025-11-29 16:35:28', NULL),
(937, 2, 'cam2', 'red', 'manual', 15, '2025-11-29 16:35:28', NULL),
(938, 2, 'cam1', 'red', 'manual', 0, '2025-11-29 16:35:29', NULL),
(939, 2, 'cam2', 'green', 'manual', 0, '2025-11-29 16:35:29', NULL),
(940, 2, 'cam1', 'green', 'manual', 0, '2025-11-29 16:35:30', NULL),
(941, 2, 'cam2', 'red', 'manual', 0, '2025-11-29 16:35:30', NULL),
(942, 2, 'cam2', 'green', 'manual', 0, '2025-11-29 16:35:31', NULL),
(943, 2, 'cam1', 'red', 'manual', 0, '2025-11-29 16:35:31', NULL),
(944, 2, 'cam1', 'green', 'auto', 15, '2025-11-29 16:35:48', NULL),
(945, 2, 'cam2', 'red', 'auto', 15, '2025-11-29 16:35:48', NULL),
(946, 2, 'cam2', 'green', 'auto', 30, '2025-11-29 16:36:29', NULL),
(947, 2, 'cam1', 'red', 'auto', 30, '2025-11-29 16:36:29', NULL),
(948, 2, 'cam1', 'green', 'auto', 15, '2025-11-29 16:36:54', NULL),
(949, 2, 'cam2', 'red', 'auto', 15, '2025-11-29 16:36:54', NULL),
(950, 2, 'cam2', 'green', 'auto', 30, '2025-11-29 16:37:34', NULL),
(951, 2, 'cam1', 'red', 'auto', 30, '2025-11-29 16:37:34', NULL),
(952, 2, 'cam2', 'red', 'auto', 15, '2025-11-29 16:37:59', NULL),
(953, 2, 'cam1', 'green', 'auto', 15, '2025-11-29 16:37:59', NULL),
(954, 4, 'cam2', 'red', 'manual', 0, '2025-11-29 17:12:09', NULL),
(955, 4, 'cam1', 'green', 'manual', 0, '2025-11-29 17:12:09', NULL),
(956, 4, 'cam1', 'green', 'auto', 15, '2025-11-29 17:12:27', NULL),
(957, 4, 'cam2', 'red', 'auto', 15, '2025-11-29 17:12:27', NULL),
(958, 4, 'cam1', 'red', 'auto', 30, '2025-11-29 17:13:08', NULL),
(959, 4, 'cam2', 'green', 'auto', 30, '2025-11-29 17:13:08', NULL),
(960, 4, 'cam2', 'red', 'auto', 15, '2025-11-29 17:13:35', NULL),
(961, 4, 'cam1', 'green', 'auto', 15, '2025-11-29 17:13:35', NULL),
(962, 4, 'cam1', 'red', 'auto', 30, '2025-11-29 17:14:15', NULL),
(963, 4, 'cam2', 'green', 'auto', 30, '2025-11-29 17:14:15', NULL),
(964, 4, 'cam2', 'red', 'auto', 15, '2025-11-29 17:14:42', NULL),
(965, 4, 'cam1', 'green', 'auto', 15, '2025-11-29 17:14:42', NULL),
(966, 4, 'cam1', 'red', 'auto', 30, '2025-11-29 17:15:24', NULL),
(967, 4, 'cam2', 'green', 'auto', 30, '2025-11-29 17:15:24', NULL),
(968, 4, 'cam2', 'red', 'auto', 15, '2025-11-29 17:15:51', NULL),
(969, 4, 'cam1', 'green', 'auto', 15, '2025-11-29 17:15:51', NULL),
(970, 4, 'cam1', 'red', 'auto', 30, '2025-11-29 17:16:34', NULL),
(971, 4, 'cam2', 'green', 'auto', 30, '2025-11-29 17:16:34', NULL),
(972, 4, 'cam1', 'green', 'auto', 15, '2025-11-29 17:17:01', NULL),
(973, 4, 'cam2', 'red', 'auto', 15, '2025-11-29 17:17:01', NULL),
(974, 4, 'cam1', 'red', 'auto', 30, '2025-11-29 17:17:36', NULL),
(975, 4, 'cam2', 'green', 'auto', 30, '2025-11-29 17:17:36', NULL),
(976, 4, 'cam1', 'green', 'auto', 15, '2025-11-29 17:17:55', NULL),
(977, 4, 'cam2', 'red', 'auto', 15, '2025-11-29 17:17:55', NULL),
(978, 4, 'cam2', 'green', 'auto', 30, '2025-11-29 17:18:35', NULL),
(979, 4, 'cam1', 'red', 'auto', 30, '2025-11-29 17:18:35', NULL),
(980, 4, 'cam2', 'red', 'auto', 15, '2025-11-29 17:19:01', NULL),
(981, 4, 'cam1', 'green', 'auto', 15, '2025-11-29 17:19:01', NULL),
(982, 4, 'cam2', 'green', 'auto', 30, '2025-11-29 17:19:43', NULL),
(983, 4, 'cam1', 'red', 'auto', 30, '2025-11-29 17:19:43', NULL),
(984, 4, 'cam2', 'red', 'manual', 0, '2025-11-29 17:20:17', NULL),
(985, 4, 'cam1', 'green', 'manual', 0, '2025-11-29 17:20:17', NULL),
(986, 4, 'cam1', 'green', 'auto', 15, '2025-11-29 17:20:33', NULL),
(987, 4, 'cam2', 'red', 'auto', 30, '2025-11-29 17:20:33', NULL),
(988, 4, 'cam1', 'green', 'auto', 15, '2025-11-29 17:21:20', NULL),
(989, 4, 'cam2', 'red', 'auto', 15, '2025-11-29 17:21:20', NULL),
(990, 4, 'cam1', 'red', 'auto', 30, '2025-11-29 17:22:00', NULL),
(991, 4, 'cam2', 'green', 'auto', 30, '2025-11-29 17:22:00', NULL),
(992, 4, 'cam1', 'green', 'auto', 15, '2025-11-29 17:22:26', NULL),
(993, 4, 'cam2', 'red', 'auto', 30, '2025-11-29 17:22:26', NULL),
(994, 4, 'cam2', 'red', 'auto', 15, '2025-11-29 17:22:29', NULL),
(995, 4, 'cam1', 'green', 'auto', 15, '2025-11-29 17:22:29', NULL),
(996, 4, 'cam1', 'red', 'manual', 0, '2025-11-29 17:23:36', NULL),
(997, 4, 'cam2', 'green', 'manual', 0, '2025-11-29 17:23:36', NULL),
(998, 4, 'cam1', 'green', 'manual', 0, '2025-11-29 17:23:36', NULL),
(999, 4, 'cam2', 'red', 'manual', 0, '2025-11-29 17:23:36', NULL),
(1000, 4, 'cam1', 'green', 'auto', 15, '2025-11-29 17:40:21', NULL),
(1001, 4, 'cam2', 'red', 'auto', 15, '2025-11-29 17:40:21', NULL),
(1002, 4, 'cam2', 'red', 'auto', 15, '2025-11-29 17:40:56', NULL),
(1003, 4, 'cam1', 'green', 'auto', 15, '2025-11-29 17:40:56', NULL),
(1004, 4, 'cam1', 'green', 'auto', 15, '2025-11-29 17:51:08', NULL),
(1005, 4, 'cam2', 'red', 'auto', 15, '2025-11-29 17:51:08', NULL),
(1006, 4, 'cam2', 'green', 'auto', 30, '2025-11-29 18:03:44', NULL),
(1007, 4, 'cam1', 'red', 'auto', 30, '2025-11-29 18:03:44', NULL),
(1008, 2, 'cam1', 'green', 'auto', 25, '2025-11-30 07:44:47', NULL),
(1009, 2, 'cam2', 'red', 'auto', 30, '2025-11-30 07:44:47', NULL),
(1010, 2, 'cam2', 'red', 'manual', 27, '2025-11-30 07:59:34', NULL),
(1011, 2, 'cam1', 'green', 'manual', 27, '2025-11-30 07:59:34', NULL),
(1012, 2, 'cam1', 'green', 'manual', 91, '2025-11-30 08:01:06', NULL),
(1013, 2, 'cam2', 'red', 'manual', 91, '2025-11-30 08:01:06', NULL),
(1014, 2, 'cam2', 'red', 'auto', 30, '2025-11-30 08:04:03', NULL),
(1015, 2, 'cam1', 'green', 'auto', 25, '2025-11-30 08:04:03', NULL),
(1016, 2, 'cam1', 'red', 'auto', 30, '2025-11-30 08:04:43', NULL),
(1017, 2, 'cam2', 'green', 'auto', 30, '2025-11-30 08:04:43', NULL),
(1018, 2, 'cam1', 'green', 'auto', 25, '2025-11-30 08:05:39', NULL),
(1019, 2, 'cam2', 'red', 'auto', 30, '2025-11-30 08:05:39', NULL),
(1020, 2, 'cam2', 'green', 'auto', 30, '2025-11-30 08:06:20', NULL),
(1021, 2, 'cam1', 'red', 'auto', 30, '2025-11-30 08:06:20', NULL),
(1022, 2, 'cam1', 'green', 'auto', 25, '2025-11-30 08:07:45', NULL),
(1023, 2, 'cam2', 'red', 'auto', 25, '2025-11-30 08:07:45', NULL),
(1024, 2, 'cam1', 'green', 'manual', 0, '2025-11-30 08:37:19', NULL),
(1025, 2, 'cam2', 'red', 'manual', 0, '2025-11-30 08:37:19', NULL),
(1026, 2, 'cam2', 'red', 'auto', 25, '2025-11-30 08:37:48', NULL),
(1027, 2, 'cam1', 'green', 'auto', 25, '2025-11-30 08:37:48', NULL),
(1028, 2, 'cam1', 'red', 'auto', 30, '2025-11-30 08:38:30', NULL),
(1029, 2, 'cam2', 'green', 'auto', 30, '2025-11-30 08:38:30', NULL),
(1030, 2, 'cam1', 'green', 'auto', 25, '2025-11-30 08:49:28', NULL),
(1031, 2, 'cam2', 'red', 'auto', 25, '2025-11-30 08:49:28', NULL),
(1032, 2, 'cam2', 'red', 'auto', 25, '2025-11-30 08:51:37', NULL),
(1033, 2, 'cam1', 'green', 'auto', 25, '2025-11-30 08:51:37', NULL),
(1034, 2, 'cam1', 'red', 'auto', 30, '2025-11-30 08:52:39', NULL),
(1035, 2, 'cam2', 'green', 'auto', 30, '2025-11-30 08:52:39', NULL),
(1036, 2, 'cam1', 'green', 'auto', 25, '2025-11-30 08:53:17', NULL),
(1037, 2, 'cam2', 'red', 'auto', 25, '2025-11-30 08:53:17', NULL),
(1038, 2, 'cam1', 'green', 'auto', 25, '2025-11-30 08:53:17', NULL),
(1039, 2, 'cam2', 'red', 'auto', 25, '2025-11-30 08:53:17', NULL),
(1040, 2, 'cam1', 'green', 'auto', 25, '2025-11-30 09:06:13', NULL),
(1041, 2, 'cam2', 'red', 'auto', 25, '2025-11-30 09:06:13', NULL),
(1042, 2, 'cam1', 'red', 'auto', 30, '2025-11-30 09:06:56', NULL),
(1043, 2, 'cam2', 'green', 'auto', 30, '2025-11-30 09:06:56', NULL),
(1044, 2, 'cam1', 'red', 'auto', 30, '2025-11-30 09:08:17', NULL),
(1045, 2, 'cam2', 'green', 'auto', 30, '2025-11-30 09:08:17', NULL),
(1046, 2, 'cam1', 'green', 'auto', 25, '2025-11-30 09:47:20', NULL),
(1047, 2, 'cam2', 'red', 'auto', 25, '2025-11-30 09:47:20', NULL),
(1048, 2, 'cam1', 'green', 'auto', 25, '2025-11-30 12:57:52', NULL),
(1049, 2, 'cam2', 'red', 'auto', 25, '2025-11-30 12:57:52', NULL),
(1050, 2, 'cam1', 'green', 'manual', 13, '2025-11-30 20:32:41', NULL),
(1051, 2, 'cam2', 'red', 'manual', 13, '2025-11-30 20:32:41', NULL),
(1052, 2, 'cam1', 'red', 'manual', 0, '2025-11-30 20:34:37', NULL),
(1053, 2, 'cam2', 'green', 'manual', 0, '2025-11-30 20:34:37', NULL),
(1054, 2, 'cam1', 'red', 'manual', 27, '2025-11-30 20:36:29', NULL),
(1055, 2, 'cam2', 'green', 'manual', 27, '2025-11-30 20:36:29', NULL),
(1056, 2, 'cam1', 'red', 'manual', 0, '2025-11-30 20:36:30', NULL),
(1057, 2, 'cam2', 'green', 'manual', 0, '2025-11-30 20:36:30', NULL),
(1058, 2, 'cam1', 'green', 'manual', 76, '2025-11-30 20:37:46', NULL),
(1059, 2, 'cam2', 'red', 'manual', 76, '2025-11-30 20:37:47', NULL),
(1060, 2, 'cam1', 'green', 'manual', 0, '2025-11-30 20:49:43', NULL),
(1061, 2, 'cam2', 'red', 'manual', 0, '2025-11-30 20:49:43', NULL),
(1062, 2, 'cam1', 'green', 'manual', 16, '2025-11-30 20:49:59', NULL),
(1063, 2, 'cam2', 'red', 'manual', 16, '2025-11-30 20:49:59', NULL),
(1064, 2, 'cam1', 'red', 'manual', 15, '2025-11-30 20:50:15', NULL),
(1065, 2, 'cam2', 'green', 'manual', 15, '2025-11-30 20:50:15', NULL),
(1066, 2, 'cam2', 'red', 'manual', 16, '2025-11-30 20:50:32', NULL),
(1067, 2, 'cam1', 'green', 'manual', 16, '2025-11-30 20:50:32', NULL),
(1068, 2, 'cam2', 'red', 'manual', 15, '2025-11-30 20:52:16', NULL),
(1069, 2, 'cam1', 'green', 'manual', 15, '2025-11-30 20:52:16', NULL),
(1070, 2, 'cam1', 'red', 'manual', 27, '2025-11-30 20:52:43', NULL),
(1071, 2, 'cam2', 'green', 'manual', 27, '2025-11-30 20:52:43', NULL),
(1072, 2, 'cam1', 'green', 'manual', 39, '2025-11-30 20:53:23', NULL),
(1073, 2, 'cam2', 'red', 'manual', 39, '2025-11-30 20:53:23', NULL),
(1074, 2, 'cam1', 'red', 'manual', 15, '2025-11-30 20:53:39', NULL),
(1075, 2, 'cam2', 'green', 'manual', 15, '2025-11-30 20:53:39', NULL),
(1076, 2, 'cam1', 'green', 'manual', 0, '2025-11-30 20:53:39', NULL),
(1077, 2, 'cam2', 'red', 'manual', 0, '2025-11-30 20:53:39', NULL),
(1078, 2, 'cam1', 'green', 'manual', 14, '2025-11-30 20:53:54', NULL),
(1079, 2, 'cam2', 'red', 'manual', 14, '2025-11-30 20:53:54', NULL),
(1080, 2, 'cam2', 'red', 'manual', 0, '2025-11-30 21:09:17', NULL),
(1081, 2, 'cam1', 'green', 'manual', 0, '2025-11-30 21:09:17', NULL),
(1082, 2, 'cam1', 'green', 'manual', 8, '2025-11-30 21:09:26', NULL),
(1083, 2, 'cam2', 'red', 'manual', 8, '2025-11-30 21:09:26', NULL),
(1084, 2, 'cam1', 'green', 'manual', 0, '2025-11-30 21:32:08', NULL),
(1085, 2, 'cam2', 'red', 'manual', 0, '2025-11-30 21:32:08', NULL),
(1086, 2, 'cam1', 'green', 'manual', 0, '2025-11-30 21:32:08', NULL),
(1087, 2, 'cam2', 'red', 'manual', 0, '2025-11-30 21:32:08', NULL),
(1088, 2, 'cam1', 'green', 'manual', 56, '2025-11-30 21:33:05', NULL),
(1089, 2, 'cam2', 'red', 'manual', 56, '2025-11-30 21:33:05', NULL),
(1090, 2, 'cam1', 'green', 'manual', 0, '2025-11-30 21:33:06', NULL),
(1091, 2, 'cam2', 'red', 'manual', 0, '2025-11-30 21:33:06', NULL),
(1092, 2, 'cam1', 'green', 'manual', 3, '2025-11-30 21:33:10', NULL),
(1093, 2, 'cam2', 'red', 'manual', 3, '2025-11-30 21:33:10', NULL),
(1094, 2, 'cam2', 'green', 'manual', 6, '2025-11-30 21:33:17', NULL),
(1095, 2, 'cam1', 'red', 'manual', 6, '2025-11-30 21:33:17', NULL),
(1096, 2, 'cam2', 'red', 'manual', 0, '2025-11-30 21:33:18', NULL),
(1097, 2, 'cam1', 'green', 'manual', 0, '2025-11-30 21:33:18', NULL),
(1098, 2, 'cam2', 'red', 'manual', 0, '2025-11-30 21:33:18', NULL),
(1099, 2, 'cam1', 'green', 'manual', 0, '2025-11-30 21:33:18', NULL),
(1100, 2, 'cam1', 'red', 'manual', 1, '2025-11-30 21:34:21', NULL),
(1101, 2, 'cam2', 'green', 'manual', 1, '2025-11-30 21:34:21', NULL),
(1102, 2, 'cam1', 'green', 'manual', 0, '2025-11-30 21:34:21', NULL),
(1103, 2, 'cam2', 'red', 'manual', 0, '2025-11-30 21:34:21', NULL),
(1104, 2, 'cam1', 'green', 'manual', 12, '2025-11-30 21:34:34', NULL),
(1105, 2, 'cam2', 'red', 'manual', 12, '2025-11-30 21:34:34', NULL),
(1106, 2, 'cam1', 'green', 'manual', 0, '2025-11-30 21:34:34', NULL),
(1107, 2, 'cam2', 'red', 'manual', 0, '2025-11-30 21:34:34', NULL),
(1108, 2, 'cam1', 'green', 'manual', 2, '2025-11-30 21:34:38', NULL),
(1109, 2, 'cam2', 'red', 'manual', 2, '2025-11-30 21:34:38', NULL),
(1110, 2, 'cam2', 'green', 'manual', 54, '2025-11-30 21:35:33', NULL),
(1111, 2, 'cam1', 'red', 'manual', 54, '2025-11-30 21:35:33', NULL),
(1112, 2, 'cam1', 'green', 'manual', 0, '2025-11-30 21:35:34', NULL),
(1113, 2, 'cam2', 'red', 'manual', 0, '2025-11-30 21:35:34', NULL),
(1114, 2, 'cam2', 'red', 'manual', 0, '2025-11-30 21:35:34', NULL),
(1115, 2, 'cam1', 'green', 'manual', 0, '2025-11-30 21:35:34', NULL),
(1116, 2, 'cam1', 'green', 'manual', 3, '2025-11-30 21:39:27', NULL),
(1117, 2, 'cam2', 'red', 'manual', 3, '2025-11-30 21:39:27', NULL),
(1118, 2, 'cam1', 'red', 'manual', 12, '2025-11-30 21:40:46', NULL),
(1119, 2, 'cam2', 'green', 'manual', 12, '2025-11-30 21:40:46', NULL),
(1120, 2, 'cam1', 'green', 'manual', 0, '2025-11-30 21:40:46', NULL),
(1121, 2, 'cam2', 'red', 'manual', 0, '2025-11-30 21:40:46', NULL),
(1122, 2, 'cam1', 'green', 'manual', 7, '2025-11-30 21:40:53', NULL),
(1123, 2, 'cam2', 'red', 'manual', 7, '2025-11-30 21:40:53', NULL),
(1124, 2, 'cam1', 'red', 'manual', 23, '2025-11-30 21:41:17', NULL),
(1125, 2, 'cam2', 'green', 'manual', 23, '2025-11-30 21:41:17', NULL),
(1126, 2, 'cam1', 'green', 'manual', 0, '2025-11-30 21:41:17', NULL),
(1127, 2, 'cam2', 'red', 'manual', 0, '2025-11-30 21:41:17', NULL),
(1128, 2, 'cam1', 'red', 'manual', 55, '2025-11-30 21:55:12', NULL),
(1129, 2, 'cam2', 'green', 'manual', 55, '2025-11-30 21:55:12', NULL),
(1130, 2, 'cam2', 'red', 'manual', 0, '2025-11-30 21:55:13', NULL),
(1131, 2, 'cam1', 'green', 'manual', 0, '2025-11-30 21:55:13', NULL),
(1132, 2, 'cam1', 'green', 'manual', 23, '2025-11-30 21:55:36', NULL),
(1133, 2, 'cam2', 'red', 'manual', 23, '2025-11-30 21:55:36', NULL),
(1134, 2, 'cam1', 'red', 'manual', 26, '2025-11-30 21:56:03', NULL),
(1135, 2, 'cam2', 'green', 'manual', 26, '2025-11-30 21:56:03', NULL),
(1136, 2, 'cam1', 'red', 'manual', 31, '2025-11-30 21:57:51', NULL),
(1137, 2, 'cam2', 'green', 'manual', 31, '2025-11-30 21:57:51', NULL),
(1138, 2, 'cam1', 'green', 'manual', 0, '2025-11-30 21:57:51', NULL),
(1139, 2, 'cam2', 'red', 'manual', 0, '2025-11-30 21:57:51', NULL),
(1140, 2, 'cam1', 'green', 'auto', 25, '2025-11-30 21:58:26', NULL),
(1141, 2, 'cam2', 'red', 'auto', 25, '2025-11-30 21:58:26', NULL),
(1142, 2, 'cam1', 'green', 'manual', 0, '2025-12-02 21:28:48', NULL),
(1143, 2, 'cam2', 'red', 'manual', 0, '2025-12-02 21:28:48', NULL),
(1144, 2, 'cam1', 'green', 'manual', 15, '2025-12-02 21:29:04', NULL),
(1145, 2, 'cam2', 'red', 'manual', 15, '2025-12-02 21:29:04', NULL),
(1146, 2, 'cam1', 'red', 'manual', 4, '2025-12-02 21:35:21', NULL),
(1147, 2, 'cam2', 'green', 'manual', 4, '2025-12-02 21:35:21', NULL),
(1148, 2, 'cam2', 'green', 'manual', 11, '2025-12-02 21:36:10', NULL),
(1149, 2, 'cam1', 'red', 'manual', 11, '2025-12-02 21:36:10', NULL),
(1150, 2, 'cam2', 'red', 'manual', 39, '2025-12-02 21:36:49', NULL),
(1151, 2, 'cam1', 'green', 'manual', 39, '2025-12-02 21:36:49', NULL),
(1152, 2, 'cam1', 'red', 'manual', 24, '2025-12-02 21:37:14', NULL),
(1153, 2, 'cam2', 'green', 'manual', 24, '2025-12-02 21:37:14', NULL),
(1154, 2, 'cam1', 'green', 'auto', 35, '2025-12-02 21:39:23', NULL),
(1155, 2, 'cam2', 'red', 'auto', 35, '2025-12-02 21:39:23', NULL),
(1156, 2, 'cam1', 'red', 'auto', 32, '2025-12-02 21:40:12', NULL),
(1157, 2, 'cam2', 'green', 'auto', 32, '2025-12-02 21:40:12', NULL),
(1158, 2, 'cam1', 'green', 'auto', 35, '2025-12-02 21:41:04', NULL),
(1159, 2, 'cam2', 'red', 'auto', 35, '2025-12-02 21:41:04', NULL),
(1160, 2, 'cam2', 'red', 'auto', 35, '2025-12-02 21:41:04', NULL),
(1161, 2, 'cam1', 'green', 'auto', 35, '2025-12-02 21:41:04', NULL),
(1162, 2, 'cam1', 'red', 'auto', 32, '2025-12-02 21:41:53', NULL),
(1163, 2, 'cam2', 'green', 'auto', 32, '2025-12-02 21:41:53', NULL),
(1164, 2, 'cam1', 'red', 'auto', 32, '2025-12-02 21:41:53', NULL),
(1165, 2, 'cam2', 'green', 'auto', 32, '2025-12-02 21:41:53', NULL),
(1166, 2, 'cam1', 'red', 'auto', 32, '2025-12-02 21:43:32', NULL),
(1167, 2, 'cam2', 'green', 'auto', 32, '2025-12-02 21:43:32', NULL),
(1168, 2, 'cam1', 'green', 'auto', 35, '2025-12-02 21:44:23', NULL),
(1169, 2, 'cam2', 'red', 'auto', 35, '2025-12-02 21:44:23', NULL),
(1170, 2, 'cam2', 'green', 'auto', 32, '2025-12-02 21:45:11', NULL),
(1171, 2, 'cam1', 'red', 'auto', 32, '2025-12-02 21:45:11', NULL),
(1172, 2, 'cam2', 'red', 'auto', 35, '2025-12-02 21:46:04', NULL),
(1173, 2, 'cam1', 'green', 'auto', 35, '2025-12-02 21:46:04', NULL),
(1174, 2, 'cam1', 'red', 'auto', 32, '2025-12-02 21:47:08', NULL),
(1175, 2, 'cam2', 'green', 'auto', 32, '2025-12-02 21:47:09', NULL),
(1176, 2, 'cam2', 'red', 'auto', 35, '2025-12-02 21:48:00', NULL),
(1177, 2, 'cam1', 'green', 'auto', 35, '2025-12-02 21:48:00', NULL),
(1178, 2, 'cam2', 'red', 'manual', 0, '2025-12-02 21:48:32', NULL),
(1179, 2, 'cam1', 'green', 'manual', 0, '2025-12-02 21:48:32', NULL),
(1180, 4, 'cam2', 'green', 'manual', 46, '2025-12-02 21:50:07', NULL),
(1181, 4, 'cam1', 'red', 'manual', 46, '2025-12-02 21:50:07', NULL),
(1182, 4, 'cam1', 'red', 'manual', 16, '2025-12-02 21:50:24', NULL),
(1183, 4, 'cam2', 'green', 'manual', 16, '2025-12-02 21:50:24', NULL),
(1184, 4, 'cam2', 'red', 'manual', 0, '2025-12-02 21:50:24', NULL),
(1185, 4, 'cam1', 'green', 'manual', 0, '2025-12-02 21:50:24', NULL),
(1186, 4, 'cam1', 'green', 'manual', 4, '2025-12-02 21:50:28', NULL),
(1187, 4, 'cam2', 'red', 'manual', 4, '2025-12-02 21:50:28', NULL),
(1188, 4, 'cam1', 'red', 'manual', 35, '2025-12-02 21:51:04', NULL),
(1189, 4, 'cam2', 'green', 'manual', 35, '2025-12-02 21:51:04', NULL),
(1190, 4, 'cam1', 'green', 'manual', 0, '2025-12-02 21:51:04', NULL),
(1191, 4, 'cam2', 'red', 'manual', 0, '2025-12-02 21:51:04', NULL),
(1192, 4, 'cam1', 'green', 'manual', 37, '2025-12-02 21:51:41', NULL),
(1193, 4, 'cam2', 'red', 'manual', 37, '2025-12-02 21:51:41', NULL),
(1194, 4, 'cam1', 'red', 'manual', 33, '2025-12-02 21:52:15', NULL),
(1195, 4, 'cam2', 'green', 'manual', 33, '2025-12-02 21:52:15', NULL),
(1196, 4, 'cam1', 'green', 'manual', 0, '2025-12-02 21:52:15', NULL),
(1197, 4, 'cam2', 'red', 'manual', 0, '2025-12-02 21:52:15', NULL),
(1198, 4, 'cam1', 'red', 'manual', 14, '2025-12-02 21:52:55', NULL),
(1199, 4, 'cam2', 'green', 'manual', 14, '2025-12-02 21:52:55', NULL),
(1200, 4, 'cam2', 'red', 'manual', 0, '2025-12-02 21:52:55', NULL),
(1201, 4, 'cam1', 'green', 'manual', 0, '2025-12-02 21:52:55', NULL),
(1202, 4, 'cam2', 'red', 'manual', 0, '2025-12-02 21:56:06', NULL),
(1203, 4, 'cam1', 'green', 'manual', 0, '2025-12-02 21:56:06', NULL),
(1212, 2, 'cam2', 'red', 'manual', 0, '2025-12-03 16:02:26', NULL),
(1213, 2, 'cam1', 'green', 'manual', 0, '2025-12-03 16:02:26', NULL);

-- --------------------------------------------------------

--
-- Table structure for table `users`
--

CREATE TABLE `users` (
  `id` int(11) NOT NULL,
  `username` varchar(255) NOT NULL,
  `created_by` int(11) NOT NULL,
  `password` varchar(255) NOT NULL,
  `role` enum('admin','operator','super_admin') DEFAULT 'operator',
  `email` varchar(255) NOT NULL,
  `phone_number` varchar(15) NOT NULL,
  `first_name` varchar(255) NOT NULL,
  `last_name` varchar(255) DEFAULT NULL,
  `is_active` tinyint(1) NOT NULL DEFAULT 0,
  `is_banned` tinyint(1) NOT NULL DEFAULT 0,
  `setup_token` varchar(64) DEFAULT NULL,
  `token_expires` datetime DEFAULT NULL,
  `totp_secret` varchar(255) DEFAULT NULL,
  `is_2fa_enabled` tinyint(1) NOT NULL DEFAULT 0,
  `login_time` datetime DEFAULT NULL,
  `created_at` timestamp NOT NULL DEFAULT current_timestamp(),
  `updated_at` timestamp NOT NULL DEFAULT current_timestamp() ON UPDATE current_timestamp()
) ENGINE=InnoDB DEFAULT CHARSET=utf8mb4 COLLATE=utf8mb4_general_ci;

--
-- Dumping data for table `users`
--

INSERT INTO `users` (`id`, `username`, `created_by`, `password`, `role`, `email`, `phone_number`, `first_name`, `last_name`, `is_active`, `is_banned`, `setup_token`, `token_expires`, `totp_secret`, `is_2fa_enabled`, `login_time`, `created_at`, `updated_at`) VALUES
(2, 'admin', 200, '$2y$10$wQE4jIZ1RXW4j.ssD32lyudS9sqUkutt1G23YwzJhko3czJ4z3dYq', 'admin', 'tosinomatthew@gmail.com', '', 'Admin', '', 0, 0, NULL, NULL, 'DQ37UP5YLL2QVXMJ', 1, NULL, '2025-12-08 01:28:43', '2025-12-08 08:17:45'),
(4, 'operator', 2, '$2y$10$A6PzdC0Oa/AgmUv.Wg3L8OQ.x61gefoLNdFtWV8jcMRjjiSC0Ya3.', 'operator', 'operator421@gmail.com', '', 'Adam', '', 0, 0, NULL, NULL, 'OJI2LPHCWM72ULWV', 1, NULL, '2025-12-08 01:27:38', '2025-12-08 08:00:47'),
(200, 'superadmin', 200, '$2a$10$O0ze/SNGyyd5POOQ2Y3VCeQLpAZE/ogyYEeovJYAyCO3bcgYArXwq', 'super_admin', 'superadmin@gmail.com', '09082410956', 'Super Admin', '', 1, 0, NULL, NULL, 'DH4JADTDEN6IJMPF', 1, '2025-12-08 16:17:51', '2025-12-07 10:11:04', '2025-12-08 08:17:56'),
(246, 'admin1', 200, '$2y$10$Ee.3GDixH3kXzxQriLHdCefwZXZIvRihMEfUC6gKHEm0dDevxwAEW', 'admin', 'tosinomatthew@gmail.com', '', 'Admin', '', 1, 0, NULL, NULL, 'MTRAZCNVJ7VJMCCE', 1, NULL, '2025-12-03 09:49:15', '2025-12-08 01:44:48'),
(248, 'operator1', 246, '$2y$10$yhRZ2zjbQPvA.CHaEvbEn.04FAJSB.iS2n3LDrpTePHtFbbHmeY9G', 'operator', 'tosinomatthew@gmail.com', '', 'Operator', '', 0, 0, 'c66deb45ac6e1d4d6c1efc4be63afa243761061569724b36bffa46f9b1b1dd25', '2025-12-04 10:49:45', NULL, 0, NULL, '2025-12-03 09:49:45', '2025-12-08 01:44:25'),
(251, 'operator2', 2, '$2y$10$Xv/x/hQlcFs8t0jJwrYUXOMySAYEbV30Qhm.XEqZCcWX7O65dYFeW', 'operator', 'tosinomatthew@gmail.com', '', 'Operator', '', 0, 0, NULL, NULL, 'Y24NBEAVDI3WLGAP', 1, NULL, '2025-12-08 01:27:17', '2025-12-08 02:31:25'),
(252, 'operator3', 2, '$2y$10$JMZL5DHOAgEh5y5GpcNxte/FsN3xyoQuPbn9jiYftkBJ.ybYV.poa', 'operator', 'tosinomatthew@gmail.com', '', 'Operator', '', 0, 1, '0f64f2c5dccbf96d08079f8820b824ce78897b2750a5013c599e74fe4c3ddd16', '2025-12-09 03:32:37', NULL, 0, NULL, '2025-12-08 02:32:37', '2025-12-08 02:32:37'),
(253, 'operator4', 2, '$2y$10$XcfESundsWjXrVcMRe38u.C1Qkon7XdchNwBwUTjDUiiA0TdBb7DO', 'operator', 'tosinomatthew@gmail.com', '', 'Operator', '', 0, 0, NULL, NULL, 'JRSKWIMC25TEILQ7', 1, NULL, '2025-12-08 08:02:15', '2025-12-08 08:17:04'),
(254, 'admin2', 200, '$2y$10$Bl5fdIZw9rPeqDPR5yda7uns35x4Z1hMLD6HwM/dT/ryxjqMkeUkS', 'admin', 'tosinomatthew@gmail.com', '', 'Admin', '', 0, 0, NULL, NULL, 'SQTRJLH7BWAHQ7PD', 1, NULL, '2025-12-08 08:18:36', '2025-12-08 08:21:30'),
(255, 'operator5', 254, '$2y$10$Lw7TAWUu91fXOEfIFUEkAekIo0HyJTGGfiiatnRnXBoImwWrNS9Ci', 'operator', 'tosinomatthew@gmail.com', '', 'Operator', '', 0, 0, NULL, NULL, 'BTVPKK63FEOQND2S', 1, NULL, '2025-12-08 08:21:20', '2025-12-08 08:22:22');

-- --------------------------------------------------------

--
-- Table structure for table `user_recovery_codes`
--

CREATE TABLE `user_recovery_codes` (
  `id` int(11) NOT NULL,
  `user_id` int(11) NOT NULL,
  `code` varchar(255) NOT NULL,
  `used` tinyint(1) NOT NULL DEFAULT 0,
  `used_at` datetime DEFAULT NULL,
  `created_at` datetime NOT NULL DEFAULT current_timestamp()
) ENGINE=InnoDB DEFAULT CHARSET=utf8mb4 COLLATE=utf8mb4_general_ci;

--
-- Dumping data for table `user_recovery_codes`
--

INSERT INTO `user_recovery_codes` (`id`, `user_id`, `code`, `used`, `used_at`, `created_at`) VALUES
(31, 251, '$2y$10$6hQ937JVj8c1YcoT1vs2g.jrllRsyuNhU6My3ZH04.PNAqHWA5uQW', 1, '2025-12-07 17:11:55', '2025-12-07 16:36:57'),
(32, 251, '$2y$10$l6DjhXkjawz1D8KK6cfVgetPlNCyBq/..PwvwQci4cnVLg0karE9q', 1, '2025-12-07 17:12:16', '2025-12-07 16:36:57'),
(33, 251, '$2y$10$oo/Ub.5BJs.OB136P6AcO.P9h328kljMOvHG7t/p2Xn1KV3YMtiny', 1, '2025-12-07 17:13:30', '2025-12-07 16:36:57'),
(34, 251, '$2y$10$8dS0o6RrQkNz9XPu7Hv.zeAwbW.Dki7fASuG715ZVRc70qiXJDlN2', 1, '2025-12-07 17:14:40', '2025-12-07 16:36:58'),
(35, 251, '$2y$10$pPRj1SMwJLz28q0rSlouv.tJ7dBNk4j9n82rOTHkOEh1F.8O1Y/Cu', 1, '2025-12-07 17:15:28', '2025-12-07 16:36:58'),
(36, 251, '$2y$10$msDaOAArv/mlvWiMubWQnei/BaCvXX95GUskS10emlZA7k3x7hM..', 0, NULL, '2025-12-07 16:36:58'),
(37, 251, '$2y$10$5hncQ1StmdONHEp/R0VfkeFOM4kmJRwWeHlIvA6cuAulNdppOgdbW', 0, NULL, '2025-12-07 16:36:58'),
(38, 251, '$2y$10$o2F/mQ.Kp3qLhxO6K4k5..7Z0VAfYluA8j0hX3feKryAdADR9lK8a', 0, NULL, '2025-12-07 16:36:58'),
(39, 251, '$2y$10$Fzt1R9GZOJt5kmaM.ypeluFvkDapyYMXCAqsnDPREVxz6/6W1qvsa', 0, NULL, '2025-12-07 16:36:58'),
(40, 251, '$2y$10$vZ0ygHhHDN7TlZiBRvAYm.MG2Bv0E521O0dImtz1ijBaTgoct3wCO', 0, NULL, '2025-12-07 16:36:58'),
(41, 253, '$2y$10$4nGpIQn9yLLIDi30vQhTOO3h7ES5nV6WSX0KZYaqw1Ufwg2kq6/Ka', 0, NULL, '2025-12-08 16:16:07'),
(42, 253, '$2y$10$jT/iSyD6E2BybvXd.rQ53ecpWE.mLRmx1UPEi48RaRsKUolDZUu3.', 0, NULL, '2025-12-08 16:16:07'),
(43, 253, '$2y$10$075uywiVByzt2bjzwHinCOKNyYoxSDbHQvCWDgaMos8dV/UCpE066', 0, NULL, '2025-12-08 16:16:07'),
(44, 253, '$2y$10$EkTTeU4HCPSraRwetkeBRulIR1akVC8Lr49z5BDpLI5SZ5NYARuBa', 0, NULL, '2025-12-08 16:16:07'),
(45, 253, '$2y$10$bR5J4ycmxRwZjZ.7EaGmy.q.0c0GheAvQvS/ERigNYzlbR.NK/kCO', 0, NULL, '2025-12-08 16:16:07'),
(46, 253, '$2y$10$4fkor9Y6r6nDgpggNsIOS.OlcZ4ZP8LkVmvTnv/Lqoa8wZAcZeRW.', 0, NULL, '2025-12-08 16:16:08'),
(47, 253, '$2y$10$lNMU9oiCiV1IQgChU8yase3sgiVHTE5zlbc/yAOtRkWlWu/DgQjb6', 0, NULL, '2025-12-08 16:16:08'),
(48, 253, '$2y$10$VCXitXFNNNtSj/0BvgYowujWBD5Fi8ODVU7RAWJwqoHPR8kj8XxGa', 0, NULL, '2025-12-08 16:16:08'),
(49, 253, '$2y$10$Cz3qNG7blx4F8PPMMNWHVurt1fHmc05DlNUNs5cCKTitHYsqP5jau', 0, NULL, '2025-12-08 16:16:08'),
(50, 253, '$2y$10$MF7Q33J/5e9HnpbxaqbO1.imhPB2fDl6USpMrrHPuVIzL1sFfCzYe', 0, NULL, '2025-12-08 16:16:08'),
(51, 254, '$2y$10$w1c4nPBjYFmRxwjPzI4SG.ShrVj4mXCPt9xJrETmxAwk7CiwyZdea', 0, NULL, '2025-12-08 16:20:49'),
(52, 254, '$2y$10$22ovVucuh0nNc6D8qOTtLOGFBRptEEGLizfB6INbJcxeCCAshGo7u', 0, NULL, '2025-12-08 16:20:49'),
(53, 254, '$2y$10$v3Cr8smmKwqIzVPGnmzQWOn6U1GKx1ChQay1emLgLdDNrrn6nVqK.', 0, NULL, '2025-12-08 16:20:49'),
(54, 254, '$2y$10$ypo4Uu86yNj86HsdEGiUHecHIpmod6udKGynNU4.D9FbI1tmZ3JKq', 0, NULL, '2025-12-08 16:20:49'),
(55, 254, '$2y$10$/b1owv47jLukTSpRZzuWbezufYoKQ2fo0IvdaUCgthY14lZ/prIgO', 0, NULL, '2025-12-08 16:20:49'),
(56, 254, '$2y$10$TQpaXlvU04Svk4/qujwxrebyVUzJjoVUdrekU0Y30ZlEunmDthyb6', 0, NULL, '2025-12-08 16:20:49'),
(57, 254, '$2y$10$KEirueEgzzzGGB3tlel9B.4I9Z3EX5/yEYoCEUsJ8PEtBz94Ytff.', 0, NULL, '2025-12-08 16:20:49'),
(58, 254, '$2y$10$cC6iloc29QNdcWQadUMjaeC/Dr033jvbgFJgiU6ruAAvXIG/MxvPq', 0, NULL, '2025-12-08 16:20:50'),
(59, 254, '$2y$10$w.23H00pb7ppZSKe5QETz.NjEi.AvMUOcZO7471//8mZtJAl5n2dO', 0, NULL, '2025-12-08 16:20:50'),
(60, 254, '$2y$10$zcXpri/DOhWVdoMZxiPDSOnz8VNDoOit7WC3M4rGXZ0skXs3fqQbm', 0, NULL, '2025-12-08 16:20:50'),
(61, 254, '$2y$10$ZNEl5HvX/yMsyjaX.RBgb.VgP2apjjpmIA6QRf9Jd.DZqK7cpr2s6', 0, NULL, '2025-12-08 16:20:50'),
(62, 254, '$2y$10$9jXkgRADdXPM2SoBB0E46OBXsaB3lPddGSWk3mXNywnYpKnri/mVi', 0, NULL, '2025-12-08 16:20:51'),
(63, 254, '$2y$10$FD1jYsmwR85SuNHiPRf7G.RCQz6qnKtqbMw7QwKd4oKdCdJQw70ZG', 0, NULL, '2025-12-08 16:20:51'),
(64, 254, '$2y$10$0paZ8rEZ5SHo4oW32CT2IeVym3rLFzBDn9pMY/1P7fFaofbjrU4va', 0, NULL, '2025-12-08 16:20:51'),
(65, 254, '$2y$10$VS6qUe6TtYwgVlSvxIxGkeDQiJYHmQeapmgDhb7xWfWxYgUzcNq.K', 0, NULL, '2025-12-08 16:20:51'),
(66, 254, '$2y$10$QcZ9WAvt.4JPUS384cSu2etz16/Oe0GnyXo9SHZ/.z8hQ4d7advLG', 0, NULL, '2025-12-08 16:20:52'),
(67, 254, '$2y$10$7IjClLmCQKGk95Djs4izXeFOyr5gcfz.I6PIFmh0TVa4fmo7FGScu', 0, NULL, '2025-12-08 16:20:52'),
(68, 254, '$2y$10$Sip9VJdoB1U9IezOD0/35ux5tBkBfxPxycllH8qqF4BsG25dEX2Ay', 0, NULL, '2025-12-08 16:20:52'),
(69, 254, '$2y$10$a5YSmeOhco9SS.tJOT9ZW.zYdveGACAq2ba2yybEa0769a2mhd/h6', 0, NULL, '2025-12-08 16:20:52'),
(70, 254, '$2y$10$Blkr95UQuX9B7kAfWy.saOBJX7//K/Vl5xrnH1CayzZtfuf5k5eHC', 0, NULL, '2025-12-08 16:20:52'),
(71, 255, '$2y$10$jHpVnUb2/TRD4FgP79IREOh9ArIZQJibC9TiXkqzuu9n2AQ.hXCi.', 0, NULL, '2025-12-08 16:22:13'),
(72, 255, '$2y$10$ddeHm42dZ7PKDZ2Z2OZ/3ORqhEN.qMcTuteeesnSfgMyA1mMW.aDm', 0, NULL, '2025-12-08 16:22:13'),
(73, 255, '$2y$10$E5BASSG5Do7u0YHmp.0Dcea2TR1v7RNukLrmBiECuPgRqE6LVRNCG', 0, NULL, '2025-12-08 16:22:14'),
(74, 255, '$2y$10$JpLJEPLP4ape9uNdu3ZcPOfI07JdasX4k38waecmknDDEljuK0OnO', 0, NULL, '2025-12-08 16:22:14'),
(75, 255, '$2y$10$qXyQdTKr8zKOTcPvsgRAveXLdDEWPZl4Vuexa2UOOxmcw/uKNGumu', 0, NULL, '2025-12-08 16:22:14'),
(76, 255, '$2y$10$Sw4hbpuFta5qwrKWGoFgVOnvwpezzCufz31PvbD0hkgMRieInFAmC', 0, NULL, '2025-12-08 16:22:14'),
(77, 255, '$2y$10$xP.aANJZr6LcY5A2RVaP6ud3mDM1oPj8m153RF1eXFl/VPCIWEUm2', 0, NULL, '2025-12-08 16:22:14'),
(78, 255, '$2y$10$3mlqbxsPfyCsbmrrRFOw8uDHVgzANpiwG1fO18bIuWfI1ohuOeDNq', 0, NULL, '2025-12-08 16:22:15'),
(79, 255, '$2y$10$ubdrzU.3pMxi/ygKvI8NfO/QqAzIM36k0x//kx9HfxwIqW2UPiLim', 0, NULL, '2025-12-08 16:22:15'),
(80, 255, '$2y$10$Yij0Igs6B8Q/gsf6npGU6OiP2PHz4KQpDMypvx.cMm6Z6ie5vt4GG', 0, NULL, '2025-12-08 16:22:15'),
(81, 255, '$2y$10$DpxcVccOR5b4V8COPQv3yeNHtkTfibg12.Xv/LQ3S.rFCPYi5boWW', 0, NULL, '2025-12-08 16:22:15'),
(82, 255, '$2y$10$CIbgMSzJHsW1LTsVoiUmOOKgZAzIRwhP30Yg0ebAF3t5ozo7DcfTu', 0, NULL, '2025-12-08 16:22:16'),
(83, 255, '$2y$10$t0vJ5z91bkOrvJGkzC5hMesBlJEuOb2Kn3rh7GHmrtO3BkZmeQjEm', 0, NULL, '2025-12-08 16:22:16'),
(84, 255, '$2y$10$4FZW2l3znP1X42l5ebL/3ey2axV30I5423qd/kZYTg0Y46EzPyD3i', 0, NULL, '2025-12-08 16:22:16'),
(85, 255, '$2y$10$IOHX2EXQTKgNhQS/G7w8Hud4YltCTv/4/68f1wl0uAgJFMCBA5OoK', 0, NULL, '2025-12-08 16:22:16'),
(86, 255, '$2y$10$16QZmGv/22/EodnXT9w0zu1xKTDGc7bNixq.4KVUpCcz3.VYa5/XW', 0, NULL, '2025-12-08 16:22:17'),
(87, 255, '$2y$10$V2gJsaPiQC7NNO4yFJko1OwQT/lKETX5Ij7VsOzHyLwnRmjIQz2XS', 0, NULL, '2025-12-08 16:22:17'),
(88, 255, '$2y$10$2BwSFZaXEYTVGwHIOuDf3eKjMLF8XeJ.WSuaGNoYkWKWC.hkw.pnS', 0, NULL, '2025-12-08 16:22:17'),
(89, 255, '$2y$10$6dmDREMANg1wkt7bXvHrkeme8Qet8.WEHz2j8IWnTDw2h1CblLhV6', 0, NULL, '2025-12-08 16:22:17'),
(90, 255, '$2y$10$dACOtIzvJK70YEGABHvJzusSYyn.zB74aPfNGtubgXsaITOYAddI6', 0, NULL, '2025-12-08 16:22:17');

--
-- Indexes for dumped tables
--

--
-- Indexes for table `delays`
--
ALTER TABLE `delays`
  ADD PRIMARY KEY (`id`),
  ADD KEY `fk_admin_id` (`admin_id`);

--
-- Indexes for table `ip_addresses`
--
ALTER TABLE `ip_addresses`
  ADD PRIMARY KEY (`id`);

--
-- Indexes for table `refresh_tokens`
--
ALTER TABLE `refresh_tokens`
  ADD PRIMARY KEY (`id`),
  ADD UNIQUE KEY `token` (`token`),
  ADD KEY `fk_refresh_token_user_id` (`user_id`);

--
-- Indexes for table `schedules`
--
ALTER TABLE `schedules`
  ADD PRIMARY KEY (`id`);

--
-- Indexes for table `traffic_logs`
--
ALTER TABLE `traffic_logs`
  ADD PRIMARY KEY (`id`),
  ADD KEY `idx_timestamp` (`timestamp`),
  ADD KEY `idx_user_camera` (`user_id`,`camera_id`),
  ADD KEY `idx_light_state` (`light_state`),
  ADD KEY `idx_mode_type` (`mode_type`);

--
-- Indexes for table `users`
--
ALTER TABLE `users`
  ADD PRIMARY KEY (`id`),
  ADD UNIQUE KEY `username_unique` (`username`),
  ADD KEY `fk_created_by` (`created_by`);

--
-- Indexes for table `user_recovery_codes`
--
ALTER TABLE `user_recovery_codes`
  ADD PRIMARY KEY (`id`),
  ADD KEY `fk_user_id` (`user_id`);

--
-- AUTO_INCREMENT for dumped tables
--

--
-- AUTO_INCREMENT for table `delays`
--
ALTER TABLE `delays`
  MODIFY `id` int(11) NOT NULL AUTO_INCREMENT, AUTO_INCREMENT=24;

--
-- AUTO_INCREMENT for table `ip_addresses`
--
ALTER TABLE `ip_addresses`
  MODIFY `id` int(11) NOT NULL AUTO_INCREMENT, AUTO_INCREMENT=11;

--
-- AUTO_INCREMENT for table `refresh_tokens`
--
ALTER TABLE `refresh_tokens`
  MODIFY `id` int(11) NOT NULL AUTO_INCREMENT, AUTO_INCREMENT=14;

--
-- AUTO_INCREMENT for table `schedules`
--
ALTER TABLE `schedules`
  MODIFY `id` int(11) NOT NULL AUTO_INCREMENT, AUTO_INCREMENT=191;

--
-- AUTO_INCREMENT for table `traffic_logs`
--
ALTER TABLE `traffic_logs`
  MODIFY `id` int(11) NOT NULL AUTO_INCREMENT, AUTO_INCREMENT=1232;

--
-- AUTO_INCREMENT for table `users`
--
ALTER TABLE `users`
  MODIFY `id` int(11) NOT NULL AUTO_INCREMENT, AUTO_INCREMENT=256;

--
-- AUTO_INCREMENT for table `user_recovery_codes`
--
ALTER TABLE `user_recovery_codes`
  MODIFY `id` int(11) NOT NULL AUTO_INCREMENT, AUTO_INCREMENT=91;

--
-- Constraints for dumped tables
--

--
-- Constraints for table `delays`
--
ALTER TABLE `delays`
  ADD CONSTRAINT `fk_admin_id` FOREIGN KEY (`admin_id`) REFERENCES `users` (`id`) ON DELETE CASCADE ON UPDATE CASCADE;

--
-- Constraints for table `refresh_tokens`
--
ALTER TABLE `refresh_tokens`
  ADD CONSTRAINT `fk_refresh_token_user_id` FOREIGN KEY (`user_id`) REFERENCES `users` (`id`) ON DELETE CASCADE ON UPDATE CASCADE;

--
-- Constraints for table `traffic_logs`
--
ALTER TABLE `traffic_logs`
  ADD CONSTRAINT `traffic_logs_ibfk_1` FOREIGN KEY (`user_id`) REFERENCES `users` (`id`) ON DELETE CASCADE;

--
-- Constraints for table `users`
--
ALTER TABLE `users`
  ADD CONSTRAINT `fk_created_by` FOREIGN KEY (`created_by`) REFERENCES `users` (`id`) ON DELETE CASCADE ON UPDATE CASCADE;

--
-- Constraints for table `user_recovery_codes`
--
ALTER TABLE `user_recovery_codes`
  ADD CONSTRAINT `fk_user_id` FOREIGN KEY (`user_id`) REFERENCES `users` (`id`) ON DELETE CASCADE ON UPDATE CASCADE;
COMMIT;

/*!40101 SET CHARACTER_SET_CLIENT=@OLD_CHARACTER_SET_CLIENT */;
/*!40101 SET CHARACTER_SET_RESULTS=@OLD_CHARACTER_SET_RESULTS */;
/*!40101 SET COLLATION_CONNECTION=@OLD_COLLATION_CONNECTION */;
