-- phpMyAdmin SQL Dump
-- version 5.2.1
-- https://www.phpmyadmin.net/
--
-- Host: localhost
-- Generation Time: Nov 26, 2025 at 09:53 AM
-- Server version: 10.4.32-MariaDB
-- PHP Version: 8.2.12

SET SQL_MODE = "NO_AUTO_VALUE_ON_ZERO";
START TRANSACTION;
SET time_zone = "+00:00";


/*!40101 SET @OLD_CHARACTER_SET_CLIENT=@@CHARACTER_SET_CLIENT */;
/*!40101 SET @OLD_CHARACTER_SET_RESULTS=@@CHARACTER_SET_RESULTS */;
/*!40101 SET @OLD_COLLATION_CONNECTION=@@COLLATION_CONNECTION */;
/*!40101 SET NAMES utf8mb4 */;

--
-- Database: `narrowway_traffic_db`
--

-- --------------------------------------------------------

--
-- Table structure for table `ip_addresses`
--

CREATE TABLE `ip_addresses` (
  `id` int(11) NOT NULL,
  `admin_id` int(11) NOT NULL,
  `ip_address_1` varchar(12) NOT NULL,
  `ip_address_2` varchar(12) NOT NULL
) ENGINE=InnoDB DEFAULT CHARSET=utf8mb4 COLLATE=utf8mb4_general_ci;

--
-- Dumping data for table `ip_addresses`
--

INSERT INTO `ip_addresses` (`id`, `admin_id`, `ip_address_1`, `ip_address_2`) VALUES
(1, 2, '10.42.0.76', '10.42.0.131'),
(2, 25, '10.42.0.76', '10.42.0.131');

-- --------------------------------------------------------

--
-- Table structure for table `schedules`
--

CREATE TABLE `schedules` (
  `id` int(11) NOT NULL,
  `admin_id` int(11) NOT NULL,
  `week_day` int(11) NOT NULL,
  `duration` int(11) NOT NULL
) ENGINE=InnoDB DEFAULT CHARSET=utf8mb4 COLLATE=utf8mb4_general_ci;

--
-- Dumping data for table `schedules`
--

INSERT INTO `schedules` (`id`, `admin_id`, `week_day`, `duration`) VALUES
(1, 10, 1, 30),
(2, 10, 2, 30),
(3, 10, 3, 30),
(4, 10, 4, 30),
(5, 10, 5, 30),
(6, 10, 6, 30),
(7, 10, 7, 30),
(8, 2, 1, 32),
(9, 2, 2, 32),
(10, 2, 4, 40),
(29, 2, 6, 13),
(32, 2, 3, 12),
(35, 2, 7, 25),
(36, 2, 5, 11);

-- --------------------------------------------------------

--
-- Table structure for table `traffic_logs`
--

CREATE TABLE `traffic_logs` (
  `id` int(11) NOT NULL,
  `user_id` int(11) NOT NULL,
  `camera_id` enum('cam1','cam2') NOT NULL,
  `light_state` enum('red','green') NOT NULL,
  `mode_type` enum('manual','auto') NOT NULL,
  `duration_seconds` int(11) DEFAULT NULL,
  `timestamp` datetime DEFAULT current_timestamp(),
  `notes` text DEFAULT NULL
) ENGINE=InnoDB DEFAULT CHARSET=utf8mb4 COLLATE=utf8mb4_general_ci;

--
-- Dumping data for table `traffic_logs`
--

INSERT INTO `traffic_logs` (`id`, `user_id`, `camera_id`, `light_state`, `mode_type`, `duration_seconds`, `timestamp`, `notes`) VALUES
(3, 2, 'cam1', 'red', 'manual', 180, '2025-11-24 11:18:02', NULL),
(4, 2, 'cam1', 'green', 'manual', NULL, '2025-11-24 11:52:37', NULL),
(5, 2, 'cam1', 'red', 'manual', NULL, '2025-11-24 11:52:38', NULL),
(6, 2, 'cam1', 'green', 'manual', NULL, '2025-11-24 11:52:39', NULL),
(7, 2, 'cam1', 'green', 'manual', NULL, '2025-11-24 11:52:49', NULL),
(8, 2, 'cam1', 'red', 'manual', NULL, '2025-11-24 11:52:50', NULL),
(9, 2, 'cam1', 'green', 'manual', NULL, '2025-11-24 12:06:40', NULL),
(10, 2, 'cam1', 'green', 'manual', NULL, '2025-11-24 12:06:43', NULL),
(11, 2, 'cam1', 'green', 'manual', NULL, '2025-11-24 12:06:44', NULL),
(12, 2, 'cam1', 'green', 'manual', NULL, '2025-11-24 12:06:45', NULL),
(13, 2, 'cam1', 'red', 'manual', NULL, '2025-11-24 12:06:47', NULL),
(14, 2, 'cam1', 'green', 'manual', NULL, '2025-11-24 12:06:48', NULL),
(15, 2, 'cam1', 'green', 'manual', NULL, '2025-11-24 12:06:48', NULL),
(16, 2, 'cam1', 'red', 'manual', NULL, '2025-11-24 12:06:50', NULL),
(17, 2, 'cam1', 'green', 'manual', NULL, '2025-11-24 12:06:51', NULL),
(18, 2, 'cam1', 'green', 'manual', NULL, '2025-11-24 12:06:55', NULL),
(19, 2, 'cam1', 'green', 'manual', 2, '2025-11-24 12:50:48', NULL),
(20, 2, 'cam2', 'red', 'manual', 2, '2025-11-24 12:50:48', NULL),
(21, 2, 'cam1', 'green', 'manual', 1, '2025-11-24 13:33:40', NULL),
(22, 2, 'cam2', 'red', 'manual', 1, '2025-11-24 13:33:40', NULL),
(23, 2, 'cam1', 'green', 'manual', 1, '2025-11-24 13:35:20', NULL),
(24, 2, 'cam2', 'red', 'manual', 1, '2025-11-24 13:35:20', NULL),
(25, 2, 'cam1', 'green', 'manual', 2, '2025-11-24 14:15:27', NULL),
(26, 2, 'cam2', 'red', 'manual', 2, '2025-11-24 14:15:27', NULL),
(27, 2, 'cam1', 'red', 'manual', 1, '2025-11-24 14:15:29', NULL),
(28, 2, 'cam2', 'green', 'manual', 1, '2025-11-24 14:15:29', NULL),
(29, 2, 'cam1', 'green', 'manual', 0, '2025-11-24 14:15:29', NULL),
(30, 2, 'cam2', 'red', 'manual', 0, '2025-11-24 14:15:29', NULL),
(31, 2, 'cam1', 'red', 'manual', 0, '2025-11-24 14:15:30', NULL),
(32, 2, 'cam2', 'green', 'manual', 0, '2025-11-24 14:15:30', NULL),
(33, 2, 'cam1', 'green', 'manual', 1, '2025-11-24 14:15:31', NULL),
(34, 2, 'cam2', 'red', 'manual', 1, '2025-11-24 14:15:31', NULL),
(35, 2, 'cam1', 'red', 'manual', 0, '2025-11-24 14:15:32', NULL),
(36, 2, 'cam2', 'green', 'manual', 0, '2025-11-24 14:15:32', NULL),
(37, 2, 'cam1', 'green', 'manual', 0, '2025-11-24 14:15:33', NULL),
(38, 2, 'cam2', 'red', 'manual', 0, '2025-11-24 14:15:33', NULL),
(39, 2, 'cam1', 'red', 'manual', 0, '2025-11-24 14:15:34', NULL),
(40, 2, 'cam2', 'green', 'manual', 0, '2025-11-24 14:15:34', NULL),
(41, 2, 'cam1', 'green', 'manual', 1, '2025-11-24 14:15:35', NULL),
(42, 2, 'cam2', 'red', 'manual', 1, '2025-11-24 14:15:35', NULL),
(43, 2, 'cam1', 'red', 'manual', 1, '2025-11-24 14:15:36', NULL),
(44, 2, 'cam2', 'green', 'manual', 1, '2025-11-24 14:15:36', NULL),
(45, 2, 'cam1', 'green', 'manual', 1, '2025-11-24 14:15:37', NULL),
(46, 2, 'cam2', 'red', 'manual', 1, '2025-11-24 14:15:37', NULL),
(47, 2, 'cam1', 'red', 'manual', 1, '2025-11-24 14:15:38', NULL),
(48, 2, 'cam2', 'green', 'manual', 1, '2025-11-24 14:15:38', NULL),
(49, 2, 'cam1', 'green', 'manual', 0, '2025-11-24 14:15:39', NULL),
(50, 2, 'cam2', 'red', 'manual', 0, '2025-11-24 14:15:39', NULL),
(51, 2, 'cam1', 'red', 'manual', 1, '2025-11-24 14:15:40', NULL),
(52, 2, 'cam2', 'green', 'manual', 1, '2025-11-24 14:15:40', NULL),
(53, 2, 'cam1', 'green', 'manual', 0, '2025-11-24 14:15:41', NULL),
(54, 2, 'cam2', 'red', 'manual', 0, '2025-11-24 14:15:41', NULL),
(55, 2, 'cam1', 'red', 'manual', 0, '2025-11-24 14:15:42', NULL),
(56, 2, 'cam2', 'green', 'manual', 0, '2025-11-24 14:15:42', NULL),
(57, 2, 'cam1', 'green', 'manual', 1, '2025-11-24 14:15:43', NULL),
(58, 2, 'cam2', 'red', 'manual', 1, '2025-11-24 14:15:43', NULL),
(59, 2, 'cam1', 'green', 'manual', 1, '2025-11-24 14:19:01', NULL),
(60, 2, 'cam2', 'red', 'manual', 1, '2025-11-24 14:19:01', NULL),
(61, 2, 'cam1', 'red', 'manual', 0, '2025-11-24 14:19:02', NULL),
(62, 2, 'cam2', 'green', 'manual', 0, '2025-11-24 14:19:02', NULL),
(63, 2, 'cam1', 'green', 'manual', 0, '2025-11-24 14:19:03', NULL),
(64, 2, 'cam2', 'red', 'manual', 0, '2025-11-24 14:19:03', NULL),
(65, 2, 'cam1', 'red', 'manual', 0, '2025-11-24 14:19:03', NULL),
(66, 2, 'cam2', 'green', 'manual', 0, '2025-11-24 14:19:03', NULL),
(67, 2, 'cam1', 'green', 'manual', 1, '2025-11-24 14:23:40', NULL),
(68, 2, 'cam2', 'red', 'manual', 1, '2025-11-24 14:23:40', NULL),
(69, 2, 'cam1', 'red', 'manual', 0, '2025-11-24 14:23:41', NULL),
(70, 2, 'cam2', 'green', 'manual', 0, '2025-11-24 14:23:41', NULL),
(71, 2, 'cam1', 'green', 'manual', 0, '2025-11-24 14:23:42', NULL),
(72, 2, 'cam2', 'red', 'manual', 0, '2025-11-24 14:23:42', NULL),
(73, 2, 'cam1', 'red', 'manual', 0, '2025-11-24 14:23:43', NULL),
(74, 2, 'cam2', 'green', 'manual', 0, '2025-11-24 14:23:43', NULL),
(75, 2, 'cam1', 'green', 'manual', 1, '2025-11-24 14:23:44', NULL),
(76, 2, 'cam2', 'red', 'manual', 1, '2025-11-24 14:23:45', NULL),
(77, 2, 'cam1', 'green', 'manual', 1, '2025-11-24 14:25:00', NULL),
(78, 2, 'cam2', 'red', 'manual', 1, '2025-11-24 14:25:00', NULL),
(79, 2, 'cam1', 'red', 'manual', 0, '2025-11-24 14:25:01', NULL),
(80, 2, 'cam2', 'green', 'manual', 0, '2025-11-24 14:25:01', NULL),
(81, 2, 'cam1', 'green', 'manual', 0, '2025-11-24 14:25:02', NULL),
(82, 2, 'cam2', 'red', 'manual', 0, '2025-11-24 14:25:02', NULL),
(83, 2, 'cam1', 'red', 'manual', 0, '2025-11-24 14:25:02', NULL),
(84, 2, 'cam2', 'green', 'manual', 0, '2025-11-24 14:25:02', NULL),
(85, 2, 'cam1', 'green', 'manual', 0, '2025-11-24 14:25:03', NULL),
(86, 2, 'cam2', 'red', 'manual', 0, '2025-11-24 14:25:03', NULL),
(87, 2, 'cam1', 'red', 'manual', 0, '2025-11-24 14:25:04', NULL),
(88, 2, 'cam2', 'green', 'manual', 0, '2025-11-24 14:25:04', NULL),
(89, 2, 'cam1', 'green', 'manual', 0, '2025-11-24 14:25:05', NULL),
(90, 2, 'cam2', 'red', 'manual', 0, '2025-11-24 14:25:05', NULL),
(91, 2, 'cam1', 'red', 'manual', 0, '2025-11-24 14:25:06', NULL),
(92, 2, 'cam2', 'green', 'manual', 0, '2025-11-24 14:25:06', NULL),
(93, 2, 'cam1', 'green', 'manual', 0, '2025-11-24 14:25:06', NULL),
(94, 2, 'cam2', 'red', 'manual', 0, '2025-11-24 14:25:06', NULL),
(95, 2, 'cam1', 'red', 'manual', 0, '2025-11-24 14:25:07', NULL),
(96, 2, 'cam2', 'green', 'manual', 0, '2025-11-24 14:25:07', NULL),
(97, 2, 'cam1', 'green', 'manual', 0, '2025-11-24 14:25:08', NULL),
(98, 2, 'cam2', 'red', 'manual', 0, '2025-11-24 14:25:08', NULL),
(99, 2, 'cam1', 'green', 'manual', 4, '2025-11-24 14:31:07', NULL),
(100, 2, 'cam2', 'red', 'manual', 4, '2025-11-24 14:31:07', NULL),
(101, 2, 'cam1', 'red', 'manual', 1, '2025-11-24 14:31:08', NULL),
(102, 2, 'cam2', 'green', 'manual', 1, '2025-11-24 14:31:08', NULL),
(103, 2, 'cam1', 'green', 'manual', 0, '2025-11-24 14:31:09', NULL),
(104, 2, 'cam2', 'red', 'manual', 0, '2025-11-24 14:31:09', NULL),
(105, 2, 'cam1', 'red', 'manual', 0, '2025-11-24 14:31:10', NULL),
(106, 2, 'cam2', 'green', 'manual', 0, '2025-11-24 14:31:10', NULL),
(107, 2, 'cam1', 'green', 'manual', 0, '2025-11-24 14:31:11', NULL),
(108, 2, 'cam2', 'red', 'manual', 0, '2025-11-24 14:31:11', NULL),
(109, 2, 'cam1', 'red', 'manual', 1, '2025-11-24 14:31:12', NULL),
(110, 2, 'cam2', 'green', 'manual', 1, '2025-11-24 14:31:12', NULL),
(111, 2, 'cam1', 'green', 'manual', 0, '2025-11-24 14:31:17', NULL),
(112, 2, 'cam2', 'red', 'manual', 0, '2025-11-24 14:31:17', NULL),
(113, 2, 'cam1', 'green', 'manual', 1, '2025-11-24 14:31:24', NULL),
(114, 2, 'cam2', 'red', 'manual', 1, '2025-11-24 14:31:24', NULL),
(115, 2, 'cam1', 'red', 'manual', 0, '2025-11-24 14:31:25', NULL),
(116, 2, 'cam2', 'green', 'manual', 0, '2025-11-24 14:31:25', NULL),
(117, 2, 'cam1', 'green', 'manual', 0, '2025-11-24 14:31:25', NULL),
(118, 2, 'cam2', 'red', 'manual', 0, '2025-11-24 14:31:25', NULL),
(119, 2, 'cam1', 'red', 'manual', 0, '2025-11-24 14:31:26', NULL),
(120, 2, 'cam2', 'green', 'manual', 0, '2025-11-24 14:31:26', NULL),
(121, 2, 'cam1', 'green', 'manual', 0, '2025-11-24 14:31:26', NULL),
(122, 2, 'cam2', 'red', 'manual', 0, '2025-11-24 14:31:26', NULL),
(123, 2, 'cam1', 'red', 'manual', 0, '2025-11-24 14:31:26', NULL),
(124, 2, 'cam2', 'green', 'manual', 0, '2025-11-24 14:31:26', NULL),
(125, 2, 'cam1', 'green', 'manual', 0, '2025-11-24 14:31:27', NULL),
(126, 2, 'cam2', 'red', 'manual', 0, '2025-11-24 14:31:27', NULL),
(127, 2, 'cam1', 'red', 'manual', 0, '2025-11-24 14:31:27', NULL),
(128, 2, 'cam2', 'green', 'manual', 0, '2025-11-24 14:31:27', NULL),
(129, 2, 'cam1', 'green', 'manual', 0, '2025-11-24 14:31:28', NULL),
(130, 2, 'cam2', 'red', 'manual', 0, '2025-11-24 14:31:28', NULL),
(131, 2, 'cam1', 'red', 'manual', 0, '2025-11-24 14:31:28', NULL),
(132, 2, 'cam2', 'green', 'manual', 0, '2025-11-24 14:31:28', NULL),
(133, 2, 'cam1', 'green', 'manual', 0, '2025-11-24 14:31:28', NULL),
(134, 2, 'cam2', 'red', 'manual', 0, '2025-11-24 14:31:28', NULL),
(135, 2, 'cam1', 'red', 'manual', 0, '2025-11-24 14:31:29', NULL),
(136, 2, 'cam2', 'green', 'manual', 0, '2025-11-24 14:31:29', NULL),
(137, 2, 'cam1', 'green', 'manual', 0, '2025-11-24 14:31:29', NULL),
(138, 2, 'cam2', 'red', 'manual', 0, '2025-11-24 14:31:29', NULL),
(139, 2, 'cam1', 'red', 'manual', 1, '2025-11-24 14:42:54', NULL),
(140, 2, 'cam2', 'green', 'manual', 1, '2025-11-24 14:42:54', NULL),
(141, 2, 'cam1', 'green', 'manual', 1, '2025-11-24 14:42:56', NULL),
(142, 2, 'cam2', 'red', 'manual', 1, '2025-11-24 14:42:56', NULL),
(143, 2, 'cam1', 'red', 'manual', 2, '2025-11-24 14:42:58', NULL),
(144, 2, 'cam2', 'green', 'manual', 2, '2025-11-24 14:42:58', NULL),
(145, 2, 'cam1', 'green', 'manual', 0, '2025-11-24 14:43:04', NULL),
(146, 2, 'cam2', 'red', 'manual', 0, '2025-11-24 14:43:04', NULL),
(147, 2, 'cam1', 'red', 'manual', 0, '2025-11-24 14:44:01', NULL),
(148, 2, 'cam2', 'green', 'manual', 0, '2025-11-24 14:44:01', NULL),
(149, 2, 'cam1', 'green', 'manual', 0, '2025-11-24 14:44:02', NULL),
(150, 2, 'cam2', 'red', 'manual', 0, '2025-11-24 14:44:02', NULL),
(151, 2, 'cam1', 'red', 'manual', 0, '2025-11-24 14:50:45', NULL),
(152, 2, 'cam2', 'green', 'manual', 0, '2025-11-24 14:50:45', NULL),
(153, 2, 'cam1', 'green', 'manual', 1, '2025-11-24 14:50:46', NULL),
(154, 2, 'cam2', 'red', 'manual', 1, '2025-11-24 14:50:46', NULL),
(155, 2, 'cam1', 'green', 'manual', 0, '2025-11-24 14:56:24', NULL),
(156, 2, 'cam2', 'red', 'manual', 0, '2025-11-24 14:56:24', NULL),
(157, 2, 'cam1', 'red', 'manual', 0, '2025-11-24 14:56:25', NULL),
(158, 2, 'cam2', 'green', 'manual', 0, '2025-11-24 14:56:25', NULL),
(159, 2, 'cam1', 'red', 'manual', 0, '2025-11-24 15:07:06', NULL),
(160, 2, 'cam2', 'green', 'manual', 0, '2025-11-24 15:07:06', NULL),
(161, 2, 'cam1', 'green', 'manual', 1, '2025-11-24 15:07:07', NULL),
(162, 2, 'cam2', 'red', 'manual', 1, '2025-11-24 15:07:07', NULL),
(163, 2, 'cam1', 'red', 'manual', 32, '2025-11-24 15:07:40', NULL),
(165, 2, 'cam1', 'red', 'manual', 38, '2025-11-24 15:08:18', NULL),
(166, 2, 'cam2', 'green', 'manual', 38, '2025-11-24 15:08:18', NULL),
(167, 2, 'cam1', 'red', 'manual', 12, '2025-11-24 15:14:45', NULL),
(168, 2, 'cam2', 'green', 'manual', 12, '2025-11-24 15:14:45', NULL),
(169, 2, 'cam2', 'red', 'manual', 1, '2025-11-24 15:14:47', NULL),
(170, 2, 'cam1', 'green', 'manual', 1, '2025-11-24 15:14:47', NULL),
(171, 2, 'cam1', 'red', 'manual', 5, '2025-11-24 15:14:52', NULL),
(173, 2, 'cam2', 'green', 'manual', 2, '2025-11-24 15:16:19', NULL),
(174, 2, 'cam1', 'red', 'manual', 2, '2025-11-24 15:16:19', NULL),
(175, 2, 'cam1', 'red', 'manual', 0, '2025-11-24 15:21:07', NULL),
(176, 2, 'cam2', 'green', 'manual', 0, '2025-11-24 15:21:07', NULL),
(177, 2, 'cam1', 'green', 'manual', 0, '2025-11-24 15:21:07', NULL),
(178, 2, 'cam2', 'red', 'manual', 0, '2025-11-24 15:21:07', NULL),
(179, 2, 'cam2', 'green', 'manual', 0, '2025-11-24 15:21:08', NULL),
(180, 2, 'cam1', 'red', 'manual', 0, '2025-11-24 15:21:08', NULL),
(181, 2, 'cam1', 'red', 'manual', 0, '2025-11-24 15:58:18', NULL),
(182, 2, 'cam2', 'green', 'manual', 0, '2025-11-24 15:58:18', NULL),
(183, 2, 'cam1', 'green', 'auto', 31, '2025-11-24 16:08:01', NULL),
(184, 2, 'cam2', 'red', 'auto', 31, '2025-11-24 16:08:01', NULL),
(185, 2, 'cam1', 'red', 'auto', 31, '2025-11-24 16:08:32', NULL),
(186, 2, 'cam2', 'green', 'auto', 31, '2025-11-24 16:08:32', NULL),
(187, 2, 'cam1', 'red', 'manual', 3, '2025-11-24 16:09:16', NULL),
(188, 2, 'cam2', 'green', 'manual', 3, '2025-11-24 16:09:16', NULL),
(189, 2, 'cam1', 'green', 'manual', 1, '2025-11-24 16:09:18', NULL),
(190, 2, 'cam2', 'red', 'manual', 1, '2025-11-24 16:09:18', NULL),
(191, 2, 'cam1', 'red', 'manual', 0, '2025-11-24 16:09:18', NULL),
(192, 2, 'cam2', 'green', 'manual', 0, '2025-11-24 16:09:18', NULL),
(193, 2, 'cam1', 'green', 'manual', 0, '2025-11-24 16:09:18', NULL),
(194, 2, 'cam2', 'red', 'manual', 0, '2025-11-24 16:09:18', NULL),
(195, 2, 'cam1', 'red', 'manual', 0, '2025-11-24 16:09:18', NULL),
(196, 2, 'cam2', 'green', 'manual', 0, '2025-11-24 16:09:18', NULL),
(197, 2, 'cam1', 'green', 'manual', 0, '2025-11-24 16:09:18', NULL),
(198, 2, 'cam2', 'red', 'manual', 0, '2025-11-24 16:09:18', NULL),
(203, 2, 'cam1', 'red', 'manual', 1, '2025-11-24 16:09:20', NULL),
(204, 2, 'cam2', 'green', 'manual', 1, '2025-11-24 16:09:20', NULL),
(205, 2, 'cam1', 'green', 'manual', 8, '2025-11-24 16:09:28', NULL),
(207, 2, 'cam1', 'green', 'manual', 0, '2025-11-25 12:01:24', NULL),
(208, 2, 'cam2', 'red', 'manual', 0, '2025-11-25 12:01:24', NULL),
(209, 2, 'cam1', 'red', 'manual', 1, '2025-11-25 12:01:25', NULL),
(210, 2, 'cam2', 'green', 'manual', 1, '2025-11-25 12:01:25', NULL),
(211, 2, 'cam1', 'green', 'manual', 1, '2025-11-25 12:01:26', NULL),
(212, 2, 'cam2', 'red', 'manual', 1, '2025-11-25 12:01:26', NULL),
(213, 2, 'cam1', 'red', 'manual', 2, '2025-11-25 12:01:28', NULL),
(214, 2, 'cam2', 'green', 'manual', 2, '2025-11-25 12:01:28', NULL),
(215, 2, 'cam1', 'green', 'manual', 1, '2025-11-25 12:01:29', NULL),
(216, 2, 'cam2', 'red', 'manual', 1, '2025-11-25 12:01:29', NULL),
(217, 2, 'cam1', 'red', 'manual', 7, '2025-11-25 12:01:36', NULL),
(218, 2, 'cam2', 'green', 'manual', 7, '2025-11-25 12:01:36', NULL),
(219, 2, 'cam1', 'green', 'manual', 0, '2025-11-25 12:01:37', NULL),
(220, 2, 'cam2', 'red', 'manual', 0, '2025-11-25 12:01:37', NULL),
(221, 2, 'cam1', 'red', 'manual', 1, '2025-11-25 12:01:38', NULL),
(222, 2, 'cam2', 'green', 'manual', 1, '2025-11-25 12:01:38', NULL),
(223, 2, 'cam1', 'green', 'manual', 0, '2025-11-25 12:01:39', NULL),
(224, 2, 'cam2', 'red', 'manual', 0, '2025-11-25 12:01:39', NULL),
(225, 2, 'cam1', 'red', 'manual', 8, '2025-11-25 12:01:47', NULL),
(226, 2, 'cam2', 'green', 'manual', 8, '2025-11-25 12:01:47', NULL),
(227, 2, 'cam1', 'green', 'manual', 0, '2025-11-25 12:01:48', NULL),
(228, 2, 'cam2', 'red', 'manual', 0, '2025-11-25 12:01:48', NULL),
(229, 2, 'cam1', 'red', 'manual', 0, '2025-11-25 12:01:49', NULL),
(230, 2, 'cam2', 'green', 'manual', 0, '2025-11-25 12:01:49', NULL),
(231, 2, 'cam1', 'green', 'manual', 1, '2025-11-25 12:01:50', NULL),
(232, 2, 'cam2', 'red', 'manual', 1, '2025-11-25 12:01:50', NULL),
(233, 2, 'cam1', 'red', 'manual', 10, '2025-11-25 12:02:01', NULL),
(234, 2, 'cam2', 'green', 'manual', 10, '2025-11-25 12:02:01', NULL),
(235, 2, 'cam1', 'green', 'manual', 0, '2025-11-25 12:02:02', NULL),
(236, 2, 'cam2', 'red', 'manual', 0, '2025-11-25 12:02:02', NULL),
(237, 2, 'cam1', 'red', 'manual', 26, '2025-11-25 12:02:28', NULL),
(238, 2, 'cam2', 'green', 'manual', 26, '2025-11-25 12:02:28', NULL),
(239, 2, 'cam1', 'red', 'manual', 0, '2025-11-25 12:02:28', NULL),
(240, 2, 'cam2', 'green', 'manual', 0, '2025-11-25 12:02:28', NULL),
(241, 2, 'cam1', 'green', 'manual', 14, '2025-11-25 12:02:43', NULL),
(242, 2, 'cam2', 'red', 'manual', 14, '2025-11-25 12:02:43', NULL),
(243, 2, 'cam1', 'red', 'manual', 1, '2025-11-25 12:02:44', NULL),
(244, 2, 'cam2', 'green', 'manual', 1, '2025-11-25 12:02:44', NULL),
(245, 2, 'cam1', 'green', 'manual', 3, '2025-11-25 12:02:48', NULL),
(246, 2, 'cam2', 'red', 'manual', 3, '2025-11-25 12:02:48', NULL),
(247, 2, 'cam1', 'red', 'manual', 0, '2025-11-25 12:02:49', NULL),
(248, 2, 'cam2', 'green', 'manual', 0, '2025-11-25 12:02:49', NULL),
(249, 2, 'cam1', 'green', 'manual', 6, '2025-11-25 12:02:56', NULL),
(250, 2, 'cam2', 'red', 'manual', 6, '2025-11-25 12:02:56', NULL),
(251, 2, 'cam1', 'red', 'manual', 0, '2025-11-25 12:02:57', NULL),
(252, 2, 'cam2', 'green', 'manual', 0, '2025-11-25 12:02:57', NULL),
(253, 2, 'cam1', 'green', 'manual', 0, '2025-11-25 12:02:58', NULL),
(254, 2, 'cam2', 'red', 'manual', 0, '2025-11-25 12:02:58', NULL),
(255, 2, 'cam1', 'red', 'manual', 0, '2025-11-25 12:02:58', NULL),
(256, 2, 'cam2', 'green', 'manual', 0, '2025-11-25 12:02:58', NULL),
(257, 2, 'cam1', 'green', 'manual', 0, '2025-11-25 12:02:59', NULL),
(258, 2, 'cam2', 'red', 'manual', 0, '2025-11-25 12:02:59', NULL),
(259, 2, 'cam1', 'red', 'manual', 21, '2025-11-25 12:03:21', NULL),
(260, 2, 'cam2', 'green', 'manual', 21, '2025-11-25 12:03:21', NULL),
(261, 2, 'cam1', 'green', 'manual', 0, '2025-11-25 12:03:21', NULL),
(262, 2, 'cam2', 'red', 'manual', 0, '2025-11-25 12:03:21', NULL),
(263, 2, 'cam1', 'red', 'manual', 0, '2025-11-25 12:03:22', NULL),
(264, 2, 'cam2', 'green', 'manual', 0, '2025-11-25 12:03:22', NULL),
(265, 2, 'cam1', 'green', 'manual', 0, '2025-11-25 12:03:22', NULL),
(266, 2, 'cam2', 'red', 'manual', 0, '2025-11-25 12:03:22', NULL),
(267, 2, 'cam1', 'red', 'manual', 0, '2025-11-25 12:03:23', NULL),
(268, 2, 'cam2', 'green', 'manual', 0, '2025-11-25 12:03:23', NULL),
(269, 2, 'cam1', 'green', 'manual', 0, '2025-11-25 12:03:23', NULL),
(270, 2, 'cam2', 'red', 'manual', 0, '2025-11-25 12:03:23', NULL),
(271, 2, 'cam1', 'red', 'manual', 0, '2025-11-25 12:03:24', NULL),
(272, 2, 'cam2', 'green', 'manual', 0, '2025-11-25 12:03:24', NULL),
(273, 2, 'cam1', 'green', 'manual', 0, '2025-11-25 12:03:25', NULL),
(274, 2, 'cam2', 'red', 'manual', 0, '2025-11-25 12:03:25', NULL),
(275, 2, 'cam1', 'red', 'manual', 0, '2025-11-25 12:03:25', NULL),
(276, 2, 'cam2', 'green', 'manual', 0, '2025-11-25 12:03:25', NULL),
(277, 2, 'cam1', 'green', 'manual', 3, '2025-11-25 12:03:28', NULL),
(278, 2, 'cam2', 'red', 'manual', 3, '2025-11-25 12:03:28', NULL),
(279, 2, 'cam1', 'red', 'manual', 0, '2025-11-25 12:03:29', NULL),
(280, 2, 'cam2', 'green', 'manual', 0, '2025-11-25 12:03:29', NULL),
(281, 2, 'cam1', 'green', 'manual', 0, '2025-11-25 12:03:29', NULL),
(282, 2, 'cam2', 'red', 'manual', 0, '2025-11-25 12:03:29', NULL),
(283, 2, 'cam1', 'red', 'manual', 0, '2025-11-25 12:03:30', NULL),
(284, 2, 'cam2', 'green', 'manual', 0, '2025-11-25 12:03:30', NULL),
(285, 2, 'cam1', 'green', 'manual', 0, '2025-11-25 12:03:30', NULL),
(286, 2, 'cam2', 'red', 'manual', 0, '2025-11-25 12:03:30', NULL),
(287, 2, 'cam1', 'red', 'manual', 0, '2025-11-25 12:03:31', NULL),
(288, 2, 'cam2', 'green', 'manual', 0, '2025-11-25 12:03:31', NULL),
(289, 2, 'cam1', 'green', 'manual', 0, '2025-11-25 12:03:31', NULL),
(290, 2, 'cam2', 'red', 'manual', 0, '2025-11-25 12:03:31', NULL),
(291, 2, 'cam1', 'red', 'manual', 0, '2025-11-25 12:03:32', NULL),
(292, 2, 'cam2', 'green', 'manual', 0, '2025-11-25 12:03:32', NULL),
(293, 2, 'cam1', 'green', 'manual', 0, '2025-11-25 12:03:33', NULL),
(294, 2, 'cam2', 'red', 'manual', 0, '2025-11-25 12:03:33', NULL),
(295, 2, 'cam1', 'red', 'manual', 0, '2025-11-25 12:03:33', NULL),
(296, 2, 'cam2', 'green', 'manual', 0, '2025-11-25 12:03:33', NULL),
(297, 2, 'cam1', 'green', 'manual', 0, '2025-11-25 12:03:34', NULL),
(298, 2, 'cam2', 'red', 'manual', 0, '2025-11-25 12:03:34', NULL),
(299, 2, 'cam1', 'red', 'manual', 0, '2025-11-25 12:03:34', NULL),
(300, 2, 'cam2', 'green', 'manual', 0, '2025-11-25 12:03:34', NULL),
(301, 2, 'cam1', 'green', 'manual', 0, '2025-11-25 12:03:35', NULL),
(302, 2, 'cam2', 'red', 'manual', 0, '2025-11-25 12:03:35', NULL),
(303, 2, 'cam1', 'red', 'manual', 0, '2025-11-25 12:03:35', NULL),
(304, 2, 'cam2', 'green', 'manual', 0, '2025-11-25 12:03:35', NULL),
(305, 2, 'cam1', 'green', 'manual', 14, '2025-11-25 12:03:49', NULL),
(306, 2, 'cam2', 'red', 'manual', 14, '2025-11-25 12:03:49', NULL),
(307, 2, 'cam1', 'red', 'manual', 0, '2025-11-25 12:03:50', NULL),
(308, 2, 'cam2', 'green', 'manual', 0, '2025-11-25 12:03:50', NULL),
(309, 2, 'cam1', 'green', 'manual', 2, '2025-11-25 12:03:53', NULL),
(310, 2, 'cam2', 'red', 'manual', 2, '2025-11-25 12:03:53', NULL),
(311, 2, 'cam1', 'red', 'manual', 0, '2025-11-25 12:03:53', NULL),
(312, 2, 'cam2', 'green', 'manual', 0, '2025-11-25 12:03:53', NULL),
(313, 2, 'cam1', 'green', 'manual', 4, '2025-11-25 12:03:58', NULL),
(314, 2, 'cam2', 'red', 'manual', 4, '2025-11-25 12:03:58', NULL),
(315, 2, 'cam1', 'green', 'manual', 0, '2025-11-25 12:04:23', NULL),
(316, 2, 'cam2', 'red', 'manual', 0, '2025-11-25 12:04:23', NULL),
(317, 2, 'cam1', 'red', 'manual', 0, '2025-11-25 12:04:24', NULL),
(318, 2, 'cam2', 'green', 'manual', 0, '2025-11-25 12:04:24', NULL),
(319, 2, 'cam1', 'green', 'manual', 0, '2025-11-25 12:04:24', NULL),
(320, 2, 'cam2', 'red', 'manual', 0, '2025-11-25 12:04:24', NULL),
(321, 2, 'cam1', 'red', 'manual', 0, '2025-11-25 12:04:25', NULL),
(322, 2, 'cam2', 'green', 'manual', 0, '2025-11-25 12:04:25', NULL),
(323, 2, 'cam1', 'green', 'manual', 0, '2025-11-25 12:04:25', NULL),
(324, 2, 'cam2', 'red', 'manual', 0, '2025-11-25 12:04:25', NULL),
(325, 2, 'cam1', 'red', 'manual', 0, '2025-11-25 12:04:26', NULL),
(326, 2, 'cam2', 'green', 'manual', 0, '2025-11-25 12:04:26', NULL),
(327, 2, 'cam1', 'green', 'manual', 0, '2025-11-25 12:04:26', NULL),
(328, 2, 'cam2', 'red', 'manual', 0, '2025-11-25 12:04:26', NULL),
(329, 2, 'cam1', 'red', 'manual', 0, '2025-11-25 12:04:26', NULL),
(330, 2, 'cam2', 'green', 'manual', 0, '2025-11-25 12:04:27', NULL),
(331, 2, 'cam1', 'green', 'manual', 0, '2025-11-25 12:04:27', NULL),
(332, 2, 'cam2', 'red', 'manual', 0, '2025-11-25 12:04:27', NULL),
(333, 2, 'cam1', 'red', 'manual', 0, '2025-11-25 12:04:27', NULL),
(334, 2, 'cam2', 'green', 'manual', 0, '2025-11-25 12:04:27', NULL),
(335, 2, 'cam1', 'green', 'manual', 6, '2025-11-25 12:04:34', NULL),
(336, 2, 'cam2', 'red', 'manual', 6, '2025-11-25 12:04:34', NULL),
(337, 2, 'cam1', 'red', 'manual', 1, '2025-11-25 12:04:35', NULL),
(338, 2, 'cam2', 'green', 'manual', 1, '2025-11-25 12:04:35', NULL),
(339, 2, 'cam1', 'green', 'manual', 0, '2025-11-25 12:04:36', NULL),
(340, 2, 'cam2', 'red', 'manual', 0, '2025-11-25 12:04:36', NULL),
(341, 2, 'cam1', 'red', 'manual', 0, '2025-11-25 12:04:36', NULL),
(342, 2, 'cam2', 'green', 'manual', 0, '2025-11-25 12:04:36', NULL),
(343, 2, 'cam1', 'green', 'manual', 0, '2025-11-25 12:04:36', NULL),
(344, 2, 'cam2', 'red', 'manual', 0, '2025-11-25 12:04:36', NULL),
(345, 2, 'cam1', 'red', 'manual', 0, '2025-11-25 12:04:36', NULL),
(346, 2, 'cam2', 'green', 'manual', 0, '2025-11-25 12:04:36', NULL),
(347, 2, 'cam1', 'green', 'manual', 0, '2025-11-25 12:04:36', NULL),
(348, 2, 'cam2', 'red', 'manual', 0, '2025-11-25 12:04:36', NULL),
(349, 2, 'cam1', 'red', 'manual', 0, '2025-11-25 12:04:37', NULL),
(350, 2, 'cam2', 'green', 'manual', 0, '2025-11-25 12:04:37', NULL),
(351, 2, 'cam1', 'green', 'manual', 0, '2025-11-25 12:04:37', NULL),
(352, 2, 'cam2', 'red', 'manual', 0, '2025-11-25 12:04:37', NULL),
(353, 2, 'cam1', 'red', 'manual', 0, '2025-11-25 12:04:37', NULL),
(354, 2, 'cam2', 'green', 'manual', 0, '2025-11-25 12:04:37', NULL),
(355, 2, 'cam1', 'green', 'manual', 0, '2025-11-25 12:04:37', NULL),
(356, 2, 'cam2', 'red', 'manual', 0, '2025-11-25 12:04:37', NULL),
(357, 2, 'cam1', 'red', 'manual', 0, '2025-11-25 12:04:37', NULL),
(358, 2, 'cam2', 'green', 'manual', 0, '2025-11-25 12:04:37', NULL),
(359, 2, 'cam2', 'red', 'manual', 0, '2025-11-25 12:04:37', NULL),
(360, 2, 'cam1', 'green', 'manual', 0, '2025-11-25 12:04:37', NULL),
(361, 2, 'cam1', 'red', 'manual', 0, '2025-11-25 12:04:37', NULL),
(362, 2, 'cam2', 'green', 'manual', 0, '2025-11-25 12:04:37', NULL),
(363, 2, 'cam1', 'red', 'manual', 0, '2025-11-25 12:06:39', NULL),
(364, 2, 'cam2', 'green', 'manual', 0, '2025-11-25 12:06:39', NULL),
(365, 2, 'cam1', 'green', 'manual', 0, '2025-11-25 12:06:40', NULL),
(366, 2, 'cam2', 'red', 'manual', 0, '2025-11-25 12:06:40', NULL),
(367, 2, 'cam1', 'red', 'manual', 0, '2025-11-25 12:06:40', NULL),
(368, 2, 'cam2', 'green', 'manual', 0, '2025-11-25 12:06:40', NULL),
(369, 2, 'cam1', 'green', 'manual', 0, '2025-11-25 12:06:41', NULL),
(370, 2, 'cam2', 'red', 'manual', 0, '2025-11-25 12:06:41', NULL),
(371, 2, 'cam2', 'green', 'manual', 0, '2025-11-25 12:06:42', NULL),
(372, 2, 'cam1', 'red', 'manual', 0, '2025-11-25 12:06:42', NULL),
(373, 2, 'cam1', 'green', 'manual', 0, '2025-11-25 12:06:42', NULL),
(374, 2, 'cam2', 'red', 'manual', 0, '2025-11-25 12:06:42', NULL),
(375, 2, 'cam1', 'red', 'manual', 0, '2025-11-25 12:06:42', NULL),
(376, 2, 'cam2', 'green', 'manual', 0, '2025-11-25 12:06:43', NULL),
(377, 2, 'cam1', 'green', 'manual', 0, '2025-11-25 12:06:43', NULL),
(378, 2, 'cam2', 'red', 'manual', 0, '2025-11-25 12:06:43', NULL),
(379, 2, 'cam1', 'red', 'manual', 7, '2025-11-25 12:06:51', NULL),
(380, 2, 'cam2', 'green', 'manual', 7, '2025-11-25 12:06:51', NULL),
(381, 2, 'cam1', 'green', 'manual', 0, '2025-11-25 12:06:51', NULL),
(382, 2, 'cam2', 'red', 'manual', 0, '2025-11-25 12:06:51', NULL),
(383, 2, 'cam1', 'red', 'manual', 0, '2025-11-25 12:06:52', NULL),
(384, 2, 'cam2', 'green', 'manual', 0, '2025-11-25 12:06:52', NULL),
(385, 2, 'cam1', 'green', 'manual', 0, '2025-11-25 12:06:52', NULL),
(386, 2, 'cam2', 'red', 'manual', 0, '2025-11-25 12:06:52', NULL),
(387, 2, 'cam1', 'red', 'manual', 0, '2025-11-25 12:06:53', NULL),
(388, 2, 'cam2', 'green', 'manual', 0, '2025-11-25 12:06:53', NULL),
(389, 2, 'cam1', 'green', 'manual', 0, '2025-11-25 12:06:53', NULL),
(390, 2, 'cam2', 'red', 'manual', 0, '2025-11-25 12:06:53', NULL),
(391, 2, 'cam1', 'green', 'manual', 60, '2025-11-25 12:08:32', NULL),
(392, 2, 'cam2', 'red', 'manual', 60, '2025-11-25 12:08:32', NULL),
(393, 2, 'cam1', 'red', 'manual', 28, '2025-11-25 12:09:00', NULL),
(394, 2, 'cam2', 'green', 'manual', 28, '2025-11-25 12:09:00', NULL),
(395, 2, 'cam2', 'red', 'manual', 1, '2025-11-25 20:14:59', NULL),
(396, 2, 'cam1', 'green', 'manual', 1, '2025-11-25 20:14:59', NULL),
(397, 2, 'cam1', 'red', 'manual', 2, '2025-11-25 20:15:02', NULL),
(398, 2, 'cam2', 'green', 'manual', 2, '2025-11-25 20:15:02', NULL),
(399, 2, 'cam1', 'green', 'manual', 0, '2025-11-25 20:15:03', NULL),
(400, 2, 'cam2', 'red', 'manual', 0, '2025-11-25 20:15:03', NULL),
(401, 2, 'cam1', 'red', 'manual', 12, '2025-11-25 20:15:16', NULL),
(402, 2, 'cam2', 'green', 'manual', 12, '2025-11-25 20:15:16', NULL),
(403, 2, 'cam1', 'green', 'manual', 1, '2025-11-25 20:15:17', NULL),
(404, 2, 'cam2', 'red', 'manual', 1, '2025-11-25 20:15:17', NULL),
(405, 2, 'cam1', 'red', 'manual', 0, '2025-11-25 20:15:18', NULL),
(406, 2, 'cam2', 'green', 'manual', 0, '2025-11-25 20:15:18', NULL),
(407, 2, 'cam2', 'red', 'manual', 3, '2025-11-25 20:15:22', NULL),
(408, 2, 'cam1', 'green', 'manual', 3, '2025-11-25 20:15:22', NULL),
(409, 2, 'cam1', 'red', 'manual', 3, '2025-11-25 20:15:26', NULL),
(410, 2, 'cam2', 'green', 'manual', 3, '2025-11-25 20:15:26', NULL),
(411, 2, 'cam1', 'green', 'manual', 0, '2025-11-25 20:15:27', NULL),
(412, 2, 'cam2', 'red', 'manual', 0, '2025-11-25 20:15:27', NULL),
(413, 2, 'cam1', 'red', 'manual', 9, '2025-11-25 20:15:37', NULL),
(414, 2, 'cam2', 'green', 'manual', 9, '2025-11-25 20:15:37', NULL),
(415, 2, 'cam1', 'green', 'manual', 0, '2025-11-25 20:15:43', NULL),
(416, 2, 'cam2', 'red', 'manual', 0, '2025-11-25 20:15:43', NULL),
(417, 2, 'cam1', 'red', 'manual', 0, '2025-11-25 20:15:44', NULL),
(418, 2, 'cam2', 'green', 'manual', 0, '2025-11-25 20:15:44', NULL),
(419, 2, 'cam1', 'green', 'manual', 0, '2025-11-25 20:15:44', NULL),
(420, 2, 'cam2', 'red', 'manual', 0, '2025-11-25 20:15:44', NULL),
(421, 2, 'cam1', 'red', 'manual', 1, '2025-11-25 20:15:46', NULL),
(422, 2, 'cam2', 'green', 'manual', 1, '2025-11-25 20:15:46', NULL),
(423, 2, 'cam1', 'red', 'manual', 0, '2025-11-25 20:16:44', NULL),
(424, 2, 'cam2', 'green', 'manual', 0, '2025-11-25 20:16:44', NULL),
(425, 2, 'cam1', 'green', 'manual', 1, '2025-11-25 20:16:45', NULL),
(426, 2, 'cam2', 'red', 'manual', 1, '2025-11-25 20:16:45', NULL),
(427, 2, 'cam1', 'red', 'manual', 0, '2025-11-25 20:16:46', NULL),
(428, 2, 'cam2', 'green', 'manual', 0, '2025-11-25 20:16:46', NULL),
(429, 2, 'cam1', 'green', 'manual', 2, '2025-11-25 20:16:49', NULL),
(430, 2, 'cam2', 'red', 'manual', 2, '2025-11-25 20:16:49', NULL),
(431, 2, 'cam1', 'red', 'manual', 1, '2025-11-25 20:16:50', NULL),
(432, 2, 'cam2', 'green', 'manual', 1, '2025-11-25 20:16:50', NULL),
(433, 2, 'cam1', 'green', 'manual', 0, '2025-11-25 20:16:51', NULL),
(434, 2, 'cam2', 'red', 'manual', 0, '2025-11-25 20:16:51', NULL),
(435, 2, 'cam1', 'red', 'manual', 20, '2025-11-25 20:17:12', NULL),
(436, 2, 'cam2', 'green', 'manual', 20, '2025-11-25 20:17:12', NULL),
(437, 2, 'cam1', 'green', 'manual', 1, '2025-11-25 20:17:14', NULL),
(438, 2, 'cam2', 'red', 'manual', 1, '2025-11-25 20:17:14', NULL),
(439, 2, 'cam1', 'red', 'manual', 5, '2025-11-25 20:17:20', NULL),
(440, 2, 'cam2', 'green', 'manual', 5, '2025-11-25 20:17:20', NULL),
(441, 2, 'cam2', 'red', 'manual', 0, '2025-11-25 20:17:21', NULL),
(442, 2, 'cam1', 'green', 'manual', 0, '2025-11-25 20:17:21', NULL),
(443, 2, 'cam1', 'red', 'manual', 7, '2025-11-25 20:17:28', NULL),
(444, 2, 'cam2', 'green', 'manual', 7, '2025-11-25 20:17:28', NULL),
(445, 2, 'cam1', 'green', 'manual', 2, '2025-11-25 20:17:31', NULL),
(446, 2, 'cam2', 'red', 'manual', 2, '2025-11-25 20:17:31', NULL),
(447, 2, 'cam1', 'green', 'manual', 0, '2025-11-25 20:19:22', NULL),
(448, 2, 'cam2', 'red', 'manual', 0, '2025-11-25 20:19:22', NULL),
(449, 2, 'cam1', 'green', 'manual', 1, '2025-11-25 20:20:21', NULL),
(450, 2, 'cam2', 'red', 'manual', 1, '2025-11-25 20:20:21', NULL),
(451, 2, 'cam1', 'green', 'manual', 3, '2025-11-25 20:22:03', NULL),
(452, 2, 'cam2', 'red', 'manual', 3, '2025-11-25 20:22:03', NULL),
(453, 2, 'cam1', 'red', 'manual', 9, '2025-11-25 20:22:13', NULL),
(454, 2, 'cam2', 'green', 'manual', 9, '2025-11-25 20:22:13', NULL),
(455, 2, 'cam1', 'green', 'manual', 2, '2025-11-25 20:22:16', NULL),
(456, 2, 'cam2', 'red', 'manual', 2, '2025-11-25 20:22:16', NULL),
(457, 2, 'cam1', 'green', 'manual', 0, '2025-11-25 20:27:51', NULL),
(458, 2, 'cam2', 'red', 'manual', 0, '2025-11-25 20:27:51', NULL),
(459, 2, 'cam1', 'red', 'manual', 28, '2025-11-25 20:28:20', NULL),
(460, 2, 'cam2', 'green', 'manual', 28, '2025-11-25 20:28:20', NULL),
(461, 2, 'cam1', 'green', 'manual', 0, '2025-11-25 20:28:21', NULL),
(462, 2, 'cam2', 'red', 'manual', 0, '2025-11-25 20:28:21', NULL),
(463, 2, 'cam1', 'red', 'manual', 0, '2025-11-25 20:28:22', NULL),
(464, 2, 'cam2', 'green', 'manual', 0, '2025-11-25 20:28:22', NULL),
(465, 2, 'cam1', 'green', 'manual', 0, '2025-11-25 20:28:22', NULL),
(466, 2, 'cam2', 'red', 'manual', 0, '2025-11-25 20:28:22', NULL),
(467, 2, 'cam1', 'red', 'manual', 0, '2025-11-25 20:28:23', NULL),
(468, 2, 'cam2', 'green', 'manual', 0, '2025-11-25 20:28:23', NULL),
(469, 2, 'cam1', 'green', 'manual', 6, '2025-11-25 20:28:30', NULL),
(470, 2, 'cam2', 'red', 'manual', 6, '2025-11-25 20:28:30', NULL),
(471, 2, 'cam1', 'red', 'manual', 15, '2025-11-25 20:28:45', NULL),
(472, 2, 'cam2', 'green', 'manual', 15, '2025-11-25 20:28:45', NULL),
(473, 2, 'cam1', 'green', 'manual', 0, '2025-11-25 20:28:45', NULL),
(474, 2, 'cam2', 'red', 'manual', 0, '2025-11-25 20:28:45', NULL),
(475, 2, 'cam1', 'red', 'manual', 0, '2025-11-25 20:28:46', NULL),
(476, 2, 'cam2', 'green', 'manual', 0, '2025-11-25 20:28:46', NULL),
(477, 2, 'cam2', 'red', 'manual', 1, '2025-11-25 20:28:48', NULL),
(478, 2, 'cam1', 'green', 'manual', 1, '2025-11-25 20:28:48', NULL),
(479, 2, 'cam1', 'red', 'manual', 1, '2025-11-25 20:28:50', NULL),
(480, 2, 'cam2', 'green', 'manual', 1, '2025-11-25 20:28:50', NULL),
(481, 2, 'cam1', 'green', 'manual', 0, '2025-11-25 20:28:51', NULL),
(482, 2, 'cam2', 'red', 'manual', 0, '2025-11-25 20:28:51', NULL),
(483, 2, 'cam1', 'green', 'manual', 0, '2025-11-25 20:30:04', NULL),
(484, 2, 'cam2', 'red', 'manual', 0, '2025-11-25 20:30:04', NULL),
(485, 2, 'cam1', 'red', 'manual', 3, '2025-11-25 20:30:08', NULL),
(486, 2, 'cam2', 'green', 'manual', 3, '2025-11-25 20:30:08', NULL),
(487, 2, 'cam1', 'green', 'manual', 0, '2025-11-25 20:30:09', NULL),
(488, 2, 'cam2', 'red', 'manual', 0, '2025-11-25 20:30:09', NULL),
(489, 2, 'cam1', 'red', 'manual', 0, '2025-11-25 20:30:10', NULL),
(490, 2, 'cam2', 'green', 'manual', 0, '2025-11-25 20:30:10', NULL),
(491, 2, 'cam1', 'green', 'manual', 0, '2025-11-25 20:30:11', NULL),
(492, 2, 'cam2', 'red', 'manual', 0, '2025-11-25 20:30:11', NULL),
(493, 2, 'cam1', 'red', 'manual', 7, '2025-11-25 20:30:19', NULL),
(494, 2, 'cam2', 'green', 'manual', 7, '2025-11-25 20:30:19', NULL),
(495, 2, 'cam1', 'green', 'manual', 0, '2025-11-25 20:30:20', NULL),
(496, 2, 'cam2', 'red', 'manual', 0, '2025-11-25 20:30:20', NULL),
(497, 2, 'cam1', 'red', 'manual', 2, '2025-11-25 20:30:22', NULL),
(498, 2, 'cam2', 'green', 'manual', 2, '2025-11-25 20:30:22', NULL),
(499, 2, 'cam2', 'red', 'manual', 0, '2025-11-25 20:30:23', NULL),
(500, 2, 'cam1', 'green', 'manual', 0, '2025-11-25 20:30:23', NULL),
(501, 2, 'cam2', 'green', 'manual', 19, '2025-11-25 20:30:42', NULL),
(502, 2, 'cam1', 'red', 'manual', 19, '2025-11-25 20:30:42', NULL),
(503, 2, 'cam1', 'green', 'manual', 2, '2025-11-25 20:30:45', NULL),
(504, 2, 'cam2', 'red', 'manual', 2, '2025-11-25 20:30:45', NULL),
(505, 2, 'cam1', 'green', 'manual', 0, '2025-11-25 22:58:50', NULL),
(506, 2, 'cam2', 'red', 'manual', 0, '2025-11-25 22:58:50', NULL),
(507, 2, 'cam1', 'green', 'manual', 0, '2025-11-25 22:58:50', NULL),
(508, 2, 'cam2', 'red', 'manual', 0, '2025-11-25 22:58:50', NULL),
(509, 2, 'cam1', 'red', 'manual', 0, '2025-11-25 22:58:51', NULL),
(510, 2, 'cam2', 'green', 'manual', 0, '2025-11-25 22:58:51', NULL),
(511, 2, 'cam1', 'green', 'manual', 0, '2025-11-25 22:58:52', NULL),
(512, 2, 'cam2', 'red', 'manual', 0, '2025-11-25 22:58:52', NULL),
(513, 2, 'cam1', 'green', 'manual', 0, '2025-11-25 22:58:53', NULL),
(514, 2, 'cam2', 'red', 'manual', 0, '2025-11-25 22:58:53', NULL),
(515, 2, 'cam1', 'red', 'manual', 0, '2025-11-25 22:58:53', NULL),
(516, 2, 'cam2', 'green', 'manual', 0, '2025-11-25 22:58:53', NULL),
(517, 2, 'cam1', 'green', 'manual', 0, '2025-11-25 22:58:54', NULL),
(518, 2, 'cam2', 'red', 'manual', 0, '2025-11-25 22:58:54', NULL),
(519, 2, 'cam2', 'red', 'manual', 0, '2025-11-25 22:58:54', NULL),
(520, 2, 'cam1', 'green', 'manual', 0, '2025-11-25 22:58:54', NULL),
(521, 2, 'cam1', 'red', 'manual', 1, '2025-11-25 22:58:56', NULL),
(522, 2, 'cam2', 'green', 'manual', 1, '2025-11-25 22:58:56', NULL),
(523, 2, 'cam1', 'green', 'manual', 0, '2025-11-25 22:58:57', NULL),
(524, 2, 'cam2', 'red', 'manual', 0, '2025-11-25 22:58:57', NULL),
(525, 2, 'cam1', 'green', 'auto', 32, '2025-11-25 22:59:30', NULL),
(526, 2, 'cam2', 'red', 'auto', 32, '2025-11-25 22:59:30', NULL),
(527, 2, 'cam1', 'red', 'auto', 32, '2025-11-25 23:00:03', NULL),
(528, 2, 'cam2', 'green', 'auto', 32, '2025-11-25 23:00:03', NULL),
(529, 2, 'cam1', 'green', 'auto', 32, '2025-11-25 23:00:36', NULL),
(530, 2, 'cam2', 'red', 'auto', 32, '2025-11-25 23:00:36', NULL),
(531, 4, 'cam1', 'green', 'manual', 0, '2025-11-25 23:15:35', NULL),
(532, 4, 'cam2', 'red', 'manual', 0, '2025-11-25 23:15:35', NULL),
(533, 4, 'cam1', 'red', 'manual', 1, '2025-11-25 23:15:36', NULL),
(534, 4, 'cam2', 'green', 'manual', 1, '2025-11-25 23:15:36', NULL),
(535, 4, 'cam1', 'green', 'manual', 0, '2025-11-25 23:15:37', NULL),
(536, 4, 'cam2', 'red', 'manual', 0, '2025-11-25 23:15:37', NULL),
(537, 4, 'cam1', 'red', 'manual', 5, '2025-11-25 23:15:43', NULL),
(538, 4, 'cam2', 'green', 'manual', 5, '2025-11-25 23:15:43', NULL),
(539, 4, 'cam1', 'green', 'manual', 0, '2025-11-25 23:15:44', NULL),
(540, 4, 'cam2', 'red', 'manual', 0, '2025-11-25 23:15:44', NULL),
(541, 4, 'cam1', 'green', 'manual', 0, '2025-11-25 23:17:22', NULL),
(542, 4, 'cam2', 'red', 'manual', 0, '2025-11-25 23:17:22', NULL),
(543, 4, 'cam1', 'green', 'manual', 0, '2025-11-25 23:17:23', NULL),
(544, 4, 'cam2', 'red', 'manual', 0, '2025-11-25 23:17:23', NULL),
(545, 4, 'cam1', 'red', 'manual', 12, '2025-11-25 23:17:36', NULL),
(546, 4, 'cam2', 'green', 'manual', 12, '2025-11-25 23:17:36', NULL),
(547, 2, 'cam1', 'red', 'manual', 1, '2025-11-26 16:18:03', NULL),
(548, 2, 'cam2', 'green', 'manual', 1, '2025-11-26 16:18:03', NULL),
(549, 2, 'cam1', 'red', 'manual', 0, '2025-11-26 16:18:04', NULL),
(550, 2, 'cam2', 'green', 'manual', 0, '2025-11-26 16:18:04', NULL),
(551, 2, 'cam1', 'green', 'manual', 1, '2025-11-26 16:18:13', NULL),
(552, 2, 'cam2', 'red', 'manual', 1, '2025-11-26 16:18:13', NULL),
(553, 2, 'cam1', 'green', 'manual', 1, '2025-11-26 16:18:14', NULL),
(554, 2, 'cam2', 'red', 'manual', 1, '2025-11-26 16:18:14', NULL),
(555, 2, 'cam1', 'green', 'manual', 0, '2025-11-26 16:18:15', NULL),
(556, 2, 'cam2', 'red', 'manual', 0, '2025-11-26 16:18:15', NULL),
(557, 2, 'cam1', 'green', 'manual', 0, '2025-11-26 16:18:15', NULL),
(558, 2, 'cam2', 'red', 'manual', 0, '2025-11-26 16:18:15', NULL),
(559, 2, 'cam1', 'red', 'manual', 3, '2025-11-26 16:18:23', NULL),
(560, 2, 'cam2', 'green', 'manual', 3, '2025-11-26 16:18:23', NULL),
(561, 2, 'cam1', 'red', 'manual', 1, '2025-11-26 16:18:25', NULL),
(562, 2, 'cam2', 'green', 'manual', 1, '2025-11-26 16:18:26', NULL),
(563, 2, 'cam1', 'green', 'manual', 1, '2025-11-26 16:18:27', NULL),
(564, 2, 'cam2', 'red', 'manual', 1, '2025-11-26 16:18:27', NULL),
(565, 2, 'cam1', 'green', 'manual', 3, '2025-11-26 16:18:31', NULL),
(566, 2, 'cam2', 'red', 'manual', 3, '2025-11-26 16:18:31', NULL),
(567, 2, 'cam1', 'green', 'manual', 0, '2025-11-26 16:18:51', NULL),
(568, 2, 'cam2', 'red', 'manual', 0, '2025-11-26 16:18:51', NULL),
(569, 2, 'cam1', 'green', 'manual', 1, '2025-11-26 16:18:52', NULL),
(570, 2, 'cam2', 'red', 'manual', 1, '2025-11-26 16:18:52', NULL),
(571, 2, 'cam1', 'green', 'manual', 0, '2025-11-26 16:18:53', NULL),
(572, 2, 'cam2', 'red', 'manual', 0, '2025-11-26 16:18:53', NULL),
(573, 2, 'cam1', 'green', 'manual', 2, '2025-11-26 16:18:56', NULL),
(574, 2, 'cam2', 'red', 'manual', 2, '2025-11-26 16:18:56', NULL),
(575, 2, 'cam1', 'red', 'manual', 0, '2025-11-26 16:18:59', NULL),
(576, 2, 'cam2', 'green', 'manual', 0, '2025-11-26 16:18:59', NULL),
(577, 2, 'cam1', 'red', 'manual', 0, '2025-11-26 16:18:59', NULL),
(578, 2, 'cam2', 'green', 'manual', 0, '2025-11-26 16:18:59', NULL),
(579, 2, 'cam1', 'red', 'manual', 0, '2025-11-26 16:18:59', NULL),
(580, 2, 'cam2', 'green', 'manual', 0, '2025-11-26 16:18:59', NULL),
(581, 2, 'cam1', 'red', 'manual', 1, '2025-11-26 16:19:00', NULL),
(582, 2, 'cam2', 'green', 'manual', 1, '2025-11-26 16:19:00', NULL),
(583, 2, 'cam2', 'red', 'manual', 0, '2025-11-26 16:19:06', NULL),
(584, 2, 'cam1', 'green', 'manual', 0, '2025-11-26 16:19:06', NULL),
(585, 2, 'cam1', 'red', 'manual', 1, '2025-11-26 16:19:33', NULL),
(586, 2, 'cam2', 'green', 'manual', 1, '2025-11-26 16:19:33', NULL),
(587, 2, 'cam1', 'red', 'manual', 0, '2025-11-26 16:19:33', NULL),
(588, 2, 'cam2', 'green', 'manual', 0, '2025-11-26 16:19:33', NULL),
(589, 2, 'cam1', 'red', 'manual', 1, '2025-11-26 16:19:34', NULL),
(590, 2, 'cam2', 'green', 'manual', 1, '2025-11-26 16:19:34', NULL),
(591, 2, 'cam1', 'red', 'manual', 0, '2025-11-26 16:19:35', NULL),
(592, 2, 'cam2', 'green', 'manual', 0, '2025-11-26 16:19:35', NULL),
(593, 2, 'cam1', 'green', 'auto', 12, '2025-11-26 16:19:48', NULL),
(594, 2, 'cam2', 'red', 'auto', 12, '2025-11-26 16:19:48', NULL),
(595, 2, 'cam1', 'red', 'auto', 12, '2025-11-26 16:20:15', NULL),
(596, 2, 'cam2', 'green', 'auto', 12, '2025-11-26 16:20:15', NULL),
(597, 2, 'cam1', 'green', 'auto', 12, '2025-11-26 16:20:32', NULL),
(598, 2, 'cam2', 'red', 'auto', 12, '2025-11-26 16:20:32', NULL),
(599, 2, 'cam1', 'red', 'auto', 12, '2025-11-26 16:20:47', NULL),
(600, 2, 'cam2', 'green', 'auto', 12, '2025-11-26 16:20:47', NULL),
(601, 2, 'cam1', 'red', 'manual', 1, '2025-11-26 16:21:37', NULL),
(602, 2, 'cam2', 'green', 'manual', 1, '2025-11-26 16:21:37', NULL),
(603, 2, 'cam1', 'red', 'manual', 0, '2025-11-26 16:21:37', NULL),
(604, 2, 'cam1', 'green', 'manual', 0, '2025-11-26 16:21:52', NULL),
(605, 2, 'cam2', 'red', 'manual', 0, '2025-11-26 16:21:52', NULL),
(606, 2, 'cam1', 'green', 'manual', 2, '2025-11-26 16:21:54', NULL),
(607, 2, 'cam2', 'red', 'manual', 2, '2025-11-26 16:21:54', NULL),
(608, 2, 'cam1', 'red', 'manual', 3, '2025-11-26 16:21:58', NULL),
(609, 2, 'cam2', 'green', 'manual', 3, '2025-11-26 16:21:58', NULL),
(610, 2, 'cam1', 'green', 'manual', 0, '2025-11-26 16:22:10', NULL),
(611, 2, 'cam2', 'red', 'manual', 0, '2025-11-26 16:22:10', NULL),
(612, 2, 'cam1', 'green', 'manual', 1, '2025-11-26 16:22:11', NULL),
(613, 2, 'cam2', 'red', 'manual', 1, '2025-11-26 16:22:11', NULL),
(614, 2, 'cam1', 'green', 'manual', 4, '2025-11-26 16:22:16', NULL),
(615, 2, 'cam2', 'red', 'manual', 4, '2025-11-26 16:22:16', NULL),
(616, 2, 'cam1', 'red', 'manual', 0, '2025-11-26 16:22:19', NULL),
(617, 2, 'cam2', 'green', 'manual', 0, '2025-11-26 16:22:19', NULL),
(618, 2, 'cam1', 'red', 'manual', 1, '2025-11-26 16:22:21', NULL),
(619, 2, 'cam2', 'green', 'manual', 1, '2025-11-26 16:22:21', NULL),
(620, 2, 'cam1', 'red', 'manual', 1, '2025-11-26 16:22:26', NULL),
(621, 2, 'cam2', 'green', 'manual', 1, '2025-11-26 16:22:26', NULL),
(622, 2, 'cam1', 'green', 'manual', 0, '2025-11-26 16:22:26', NULL),
(623, 2, 'cam2', 'red', 'manual', 0, '2025-11-26 16:22:26', NULL),
(624, 2, 'cam1', 'red', 'manual', 1, '2025-11-26 16:23:06', NULL),
(625, 2, 'cam2', 'green', 'manual', 1, '2025-11-26 16:23:06', NULL),
(626, 2, 'cam1', 'red', 'manual', 0, '2025-11-26 16:23:08', NULL),
(627, 2, 'cam2', 'green', 'manual', 0, '2025-11-26 16:23:08', NULL),
(628, 2, 'cam1', 'green', 'manual', 0, '2025-11-26 16:23:08', NULL),
(629, 2, 'cam2', 'red', 'manual', 0, '2025-11-26 16:23:08', NULL),
(630, 2, 'cam1', 'green', 'manual', 2, '2025-11-26 16:23:10', NULL),
(631, 2, 'cam2', 'red', 'manual', 2, '2025-11-26 16:23:10', NULL),
(632, 2, 'cam1', 'green', 'auto', 12, '2025-11-26 16:23:45', NULL),
(633, 2, 'cam2', 'red', 'auto', 12, '2025-11-26 16:23:45', NULL),
(634, 2, 'cam1', 'red', 'auto', 12, '2025-11-26 16:24:03', NULL),
(635, 2, 'cam2', 'green', 'auto', 12, '2025-11-26 16:24:03', NULL),
(636, 2, 'cam1', 'green', 'auto', 12, '2025-11-26 16:24:19', NULL),
(637, 2, 'cam2', 'red', 'auto', 12, '2025-11-26 16:24:19', NULL),
(638, 2, 'cam1', 'green', 'auto', 12, '2025-11-26 16:24:53', NULL),
(639, 2, 'cam2', 'red', 'auto', 12, '2025-11-26 16:24:53', NULL),
(640, 2, 'cam1', 'red', 'auto', 12, '2025-11-26 16:25:21', NULL),
(641, 2, 'cam2', 'green', 'auto', 12, '2025-11-26 16:25:21', NULL),
(642, 2, 'cam1', 'green', 'auto', 12, '2025-11-26 16:25:35', NULL),
(643, 2, 'cam2', 'red', 'auto', 12, '2025-11-26 16:25:35', NULL),
(644, 2, 'cam1', 'red', 'auto', 12, '2025-11-26 16:25:48', NULL),
(645, 2, 'cam2', 'green', 'auto', 12, '2025-11-26 16:25:48', NULL),
(646, 2, 'cam1', 'green', 'auto', 12, '2025-11-26 16:26:07', NULL),
(647, 2, 'cam2', 'red', 'auto', 12, '2025-11-26 16:26:07', NULL),
(648, 2, 'cam1', 'green', 'auto', 12, '2025-11-26 16:26:07', NULL),
(649, 2, 'cam2', 'red', 'auto', 12, '2025-11-26 16:26:07', NULL),
(650, 2, 'cam1', 'red', 'auto', 12, '2025-11-26 16:26:22', NULL),
(651, 2, 'cam2', 'green', 'auto', 12, '2025-11-26 16:26:22', NULL),
(652, 2, 'cam1', 'red', 'auto', 12, '2025-11-26 16:26:22', NULL),
(653, 2, 'cam2', 'green', 'auto', 12, '2025-11-26 16:26:22', NULL),
(654, 2, 'cam2', 'red', 'auto', 12, '2025-11-26 16:26:41', NULL),
(655, 2, 'cam1', 'green', 'auto', 12, '2025-11-26 16:26:41', NULL),
(656, 2, 'cam1', 'green', 'auto', 12, '2025-11-26 16:26:41', NULL),
(657, 2, 'cam2', 'red', 'auto', 12, '2025-11-26 16:26:41', NULL),
(658, 2, 'cam1', 'red', 'auto', 12, '2025-11-26 16:26:57', NULL),
(659, 2, 'cam2', 'green', 'auto', 12, '2025-11-26 16:26:57', NULL),
(660, 2, 'cam1', 'red', 'auto', 12, '2025-11-26 16:26:59', NULL),
(661, 2, 'cam2', 'green', 'auto', 12, '2025-11-26 16:26:59', NULL),
(662, 2, 'cam1', 'green', 'auto', 12, '2025-11-26 16:27:13', NULL),
(663, 2, 'cam2', 'red', 'auto', 12, '2025-11-26 16:27:13', NULL),
(664, 2, 'cam1', 'green', 'auto', 12, '2025-11-26 16:27:13', NULL),
(665, 2, 'cam2', 'red', 'auto', 12, '2025-11-26 16:27:13', NULL),
(666, 2, 'cam1', 'green', 'manual', 1, '2025-11-26 16:27:32', NULL),
(667, 2, 'cam2', 'red', 'manual', 1, '2025-11-26 16:27:32', NULL),
(668, 2, 'cam1', 'green', 'manual', 0, '2025-11-26 16:27:34', NULL),
(669, 2, 'cam2', 'red', 'manual', 0, '2025-11-26 16:27:34', NULL),
(670, 2, 'cam1', 'green', 'manual', 0, '2025-11-26 16:27:34', NULL),
(671, 2, 'cam2', 'red', 'manual', 0, '2025-11-26 16:27:34', NULL),
(672, 2, 'cam1', 'green', 'manual', 0, '2025-11-26 16:27:34', NULL),
(673, 2, 'cam2', 'red', 'manual', 0, '2025-11-26 16:27:34', NULL),
(674, 2, 'cam1', 'green', 'manual', 0, '2025-11-26 16:27:34', NULL),
(675, 2, 'cam2', 'red', 'manual', 0, '2025-11-26 16:27:34', NULL),
(676, 2, 'cam1', 'green', 'manual', 0, '2025-11-26 16:27:34', NULL),
(677, 2, 'cam2', 'red', 'manual', 0, '2025-11-26 16:27:34', NULL),
(678, 2, 'cam1', 'green', 'manual', 0, '2025-11-26 16:27:34', NULL),
(679, 2, 'cam2', 'red', 'manual', 0, '2025-11-26 16:27:34', NULL),
(680, 2, 'cam1', 'red', 'manual', 1, '2025-11-26 16:27:36', NULL),
(681, 2, 'cam2', 'green', 'manual', 1, '2025-11-26 16:27:36', NULL),
(682, 2, 'cam1', 'red', 'manual', 2, '2025-11-26 16:27:38', NULL),
(683, 2, 'cam2', 'green', 'manual', 2, '2025-11-26 16:27:38', NULL),
(684, 2, 'cam1', 'green', 'manual', 7, '2025-11-26 16:27:46', NULL),
(685, 2, 'cam2', 'red', 'manual', 7, '2025-11-26 16:27:46', NULL),
(686, 2, 'cam1', 'red', 'manual', 0, '2025-11-26 16:27:51', NULL),
(687, 2, 'cam2', 'green', 'manual', 0, '2025-11-26 16:27:51', NULL),
(688, 2, 'cam1', 'red', 'manual', 0, '2025-11-26 16:27:51', NULL),
(689, 2, 'cam2', 'green', 'manual', 0, '2025-11-26 16:27:51', NULL),
(690, 2, 'cam1', 'red', 'manual', 0, '2025-11-26 16:27:51', NULL),
(691, 2, 'cam2', 'green', 'manual', 0, '2025-11-26 16:27:51', NULL),
(692, 2, 'cam2', 'red', 'manual', 2, '2025-11-26 16:27:57', NULL),
(693, 2, 'cam1', 'green', 'manual', 2, '2025-11-26 16:27:57', NULL),
(694, 2, 'cam1', 'red', 'manual', 0, '2025-11-26 16:27:59', NULL),
(695, 2, 'cam2', 'green', 'manual', 0, '2025-11-26 16:27:59', NULL),
(696, 2, 'cam1', 'green', 'manual', 0, '2025-11-26 16:28:02', NULL),
(697, 2, 'cam2', 'red', 'manual', 0, '2025-11-26 16:28:02', NULL),
(698, 2, 'cam1', 'red', 'manual', 1, '2025-11-26 16:28:09', NULL),
(699, 2, 'cam2', 'green', 'manual', 1, '2025-11-26 16:28:09', NULL);

-- --------------------------------------------------------

--
-- Table structure for table `users`
--

CREATE TABLE `users` (
  `id` int(11) NOT NULL,
  `username` varchar(255) NOT NULL,
  `created_by` int(11) NOT NULL,
  `password` varchar(255) NOT NULL,
  `role` enum('admin','operator') DEFAULT 'operator',
  `email` varchar(255) NOT NULL,
  `phone_number` varchar(15) NOT NULL,
  `first_name` varchar(255) NOT NULL,
  `last_name` varchar(255) DEFAULT NULL,
  `created_at` timestamp NOT NULL DEFAULT current_timestamp() ON UPDATE current_timestamp()
) ENGINE=InnoDB DEFAULT CHARSET=utf8mb4 COLLATE=utf8mb4_general_ci;

--
-- Dumping data for table `users`
--

INSERT INTO `users` (`id`, `username`, `created_by`, `password`, `role`, `email`, `phone_number`, `first_name`, `last_name`, `created_at`) VALUES
(2, 'admin', 2, '$2y$10$0CMwVgYuz4BHqY0CtDrwS.iuYeWYH8rXSHscuaM1sBYESUAlHiTne', 'admin', '', '', '', NULL, '2025-11-13 14:20:27'),
(4, 'operator', 2, '$2y$10$A6PzdC0Oa/AgmUv.Wg3L8OQ.x61gefoLNdFtWV8jcMRjjiSC0Ya3.', 'operator', 'operator421@gmail.com', '', 'OperatorEdit122112122', '', '2025-11-26 06:09:46'),
(5, 'operator1', 2, '$2y$10$K8U49OhReJjOOLCyP.yBReoSNECJ600r1SMYAS0lh3g7aLEq9PqaC', 'operator', 'operator1@gmail.com', '09123456789', 'Operator1Edit', '', '2025-11-14 11:30:10'),
(6, 'Operator3', 2, '$2y$10$36Ld1xlhnJmTngUrXzR7POTMd/0eqPowjN1AU2DwSF2xVlwc0.BG.', 'operator', 'operator3@gmail.com', '09123456782', 'Operator3', '', '2025-11-14 07:32:21'),
(11, 'Adam', 2, '$2y$10$6blQAQW2MLKs0UBdIf/gL../AWrEQa3bT/YvPkLjx5PWS/tW0PQCq', 'operator', 'toisnomatthew@gmail.com', '09108412802', 'Adriele', 'Tosino', '2025-11-15 10:16:59'),
(25, 'Test', 25, '$2a$10$TTVGR.KlzIuPhZJ.Fn29qOH7.hh8h.NK/SXzWIzk0m7p/aqiXHSeq', 'admin', 'test@gmail.com', '09108412809', 'Test', NULL, '2025-11-16 13:56:31'),
(100, 'admin2', 100, '$2a$10$RJa3YrF89z/Wnuor7OyMyug.4b89jZnfIOWJ4MBo.PA3v5C0EmfKG', 'admin', 'admin2@gmail.com', '09102434542', 'Admin2', NULL, '2025-11-19 08:13:16'),
(105, 'admin1232', 2, '$2y$10$azFJzIrkhhcT.MuXR3fLw.axKRYcOL/D8LZLjFv5FS/hNQWZajn4W', 'operator', 'tosinomatthew@gmail.com', '09123456782', 'OperatorEdit12211212321', 'Anonymous', '2025-11-24 08:52:59'),
(107, 'adam2414112asfas', 2, '$2y$10$b8bBmvEeXSqWUU50UjJjXumXkaHkvgZURWbwwdX7aIU8kf.MRpVlK', 'operator', 'operator1@gmail.com', '09562438645', 'OperatorEdit12211212321', 'Anonymous', '2025-11-24 08:53:51'),
(108, 'operator241', 2, '$2y$10$UplnvXteu89JgpRgvfqwzeImnT5mtKZ65no4YZe8mVKLQLBOwVWZK', 'operator', 'lorstosino15@gmail.com', '09562438645', 'OperatorEdit12211212321', 'Anonymous', '2025-11-24 08:55:31'),
(109, 'operator4125', 2, '$2y$10$OwKj0ksMZ/LJbgexUKrKpetKSTn7vSqo5wI9ip/P3L9usgTF/y.AW', 'operator', 'operator42@gmail.com', '09123456782', 'OperatorEdit12211212321', 'Anonymous', '2025-11-24 08:59:21'),
(110, 'adam12312', 2, '$2y$10$PXN7L0CT6/wZ/b2dgjK7KOThCUtm/9FkTJEqi7Fl34vmQr931MR0q', 'operator', 'operator1@gmail.com', '09123456782', 'Operator1', '', '2025-11-26 05:36:51'),
(111, 'adam122', 2, '$2y$10$xppg9E4tw1XASPVT/xUII.ZwQTMi78qUnBHwfmTkvn8Rcm4pSJ0JK', 'operator', 'tosinomatthew@gmail.com', '09562438645', 'OperatorEdit12211212321', 'asdf', '2025-11-26 05:37:19'),
(112, 'adam1234124', 2, '$2y$10$hQ4oD7nHd7mMwPuvE0Yh/e3ux60vPT/xIzpQBhms//xTbwbAzPZlG', 'operator', 'operator42@gmail.com', '09123456782', 'Operator1', 'asdf', '2025-11-26 05:43:36'),
(114, 'adam12412sdafs', 2, '$2y$10$kw43kS1SGPpwuvQFmx5XE.ukiWjqQSsr2J3tYixThbDsfhmcYzjb.', 'operator', 'operator1@gmail.com', '09123456789', 'OperatorEdit12211212321', 'asdf', '2025-11-26 05:45:37'),
(115, 'adam1212', 2, '$2y$10$DVzlZzmAFvFIqB2E1Ml1zOFbV8WAtiRQvyGn9HcasG3sJn8bsSDq2', 'operator', 'operator42@gmail.com', '09123456789', 'OperatorEdit12211212321', 'asdf', '2025-11-26 05:45:49'),
(117, 'User122421221', 2, '$2y$10$qq2zbsCHAwWxUs1Slf3Ybu2C8Qjo2KsmjWWIGcDIdQ.gkrzjZM1g.', 'operator', 'operator42@gmail.com', '09123456789', 'OperatorEdit12211212321', 'asdf', '2025-11-26 05:46:31'),
(119, '12saddfasf', 2, '$2y$10$g39tmEsBZrpmcFDFlrPuUevOu3dnXMMfqJ3nEgkI6Xx57Nznp8Duy', 'operator', 'operator1@gmail.com', '09123456789', 'Operator', 'asdf', '2025-11-26 05:48:36'),
(120, 'adam1212fsadfasdf', 2, '$2y$10$7F7WF/fx1TlYpWApZJzNtuOX5Z.gKtqzqgmtq0OsbAe.HTC9eywtC', 'operator', 'operator42@gmail.com', '09123456782', 'Operator', 'asdf', '2025-11-26 05:48:52'),
(121, 'asadfsadf', 2, '$2y$10$R1mag7nTJVzptF8fo.JQl.BJ63cpzp7a./noI0PMq7p.zkro5e3si', 'operator', 'tosinomatthew@gmail.com', 'asdfasf', 'asfasfasdfaf', 'asdfasfd', '2025-11-26 05:57:05'),
(122, 'adamasfsadfasfd12adgf', 2, '$2y$10$PiOoBJ8CGeV2qiS.Dyo2VuCggAP7M3Ms.cQ4dHQrGve7szupX4EbS', 'operator', 'lorstosino15@gmail.com', 'asdfasf', 'OperatorEdit12211212321', 'asdf', '2025-11-26 05:57:31'),
(123, 'asdfasdf12412asdf', 2, '$2y$10$VF4rpF.p4eP/2ex0yHLSpeusS9rnZ.ve2jOSvl/nvtQ0Z4aUoDhG6', 'operator', 'operator42@gmail.com', '', 'asfasfasdfaf', 'asdf', '2025-11-26 06:04:16'),
(124, 'User1asdfsafcasdfraw2asdf', 2, '$2y$10$Piu9NWGwzdT6ebKYbyVheePu5GFO4aP6CfNf7Q59lurcBvxFizEz2', 'operator', 'operator1@gmail.com', '', 'Operator', 'asdf', '2025-11-26 06:04:33'),
(125, 'asdfafasdf', 2, '$2y$10$/SOcm2cM4ES/LiHYVaSHa.SOXrBU01vXYKCuwGcAbS1oktd/2zEL6', 'operator', 'tosinomatthew@gmail.com', '', 'OperatorEdit12211212321', '', '2025-11-26 06:04:59'),
(126, 'asdfasfd124asdf', 2, '$2y$10$K1aIz.LvL/.NQCahkVB/oeco38nwAOaBVUn16lKvUA7YbteYsAEsa', 'operator', 'operator42@gmail.com', '', 'OperatorEdit12211212321', '', '2025-11-26 06:05:08'),
(127, 'adam12312412', 2, '$2y$10$W/80Fs5fI2tRxX9isZSX0uKmnPUuxYD2jCOVj7IQUJLKiig9OlhTm', 'operator', 'lorstosino15@gmail.com', '', 'OperatorEdit12211212321', '', '2025-11-26 06:08:46'),
(128, 'asdf1234124asfsaf12', 2, '$2y$10$JkHVXAUVx2bGxA/LzzZQ/evPZbL4f.1wdfpIy/D2i8AEvOaV8wHwC', 'operator', 'operator42@gmail.com', '', 'OperatorEdit122112123211142', '', '2025-11-26 06:09:36');

--
-- Indexes for dumped tables
--

--
-- Indexes for table `ip_addresses`
--
ALTER TABLE `ip_addresses`
  ADD PRIMARY KEY (`id`);

--
-- Indexes for table `schedules`
--
ALTER TABLE `schedules`
  ADD PRIMARY KEY (`id`);

--
-- Indexes for table `traffic_logs`
--
ALTER TABLE `traffic_logs`
  ADD PRIMARY KEY (`id`),
  ADD KEY `idx_timestamp` (`timestamp`),
  ADD KEY `idx_user_camera` (`user_id`,`camera_id`),
  ADD KEY `idx_light_state` (`light_state`),
  ADD KEY `idx_mode_type` (`mode_type`);

--
-- Indexes for table `users`
--
ALTER TABLE `users`
  ADD PRIMARY KEY (`id`),
  ADD UNIQUE KEY `username_unique` (`username`);

--
-- AUTO_INCREMENT for dumped tables
--

--
-- AUTO_INCREMENT for table `ip_addresses`
--
ALTER TABLE `ip_addresses`
  MODIFY `id` int(11) NOT NULL AUTO_INCREMENT, AUTO_INCREMENT=3;

--
-- AUTO_INCREMENT for table `schedules`
--
ALTER TABLE `schedules`
  MODIFY `id` int(11) NOT NULL AUTO_INCREMENT, AUTO_INCREMENT=37;

--
-- AUTO_INCREMENT for table `traffic_logs`
--
ALTER TABLE `traffic_logs`
  MODIFY `id` int(11) NOT NULL AUTO_INCREMENT, AUTO_INCREMENT=700;

--
-- AUTO_INCREMENT for table `users`
--
ALTER TABLE `users`
  MODIFY `id` int(11) NOT NULL AUTO_INCREMENT, AUTO_INCREMENT=129;

--
-- Constraints for dumped tables
--

--
-- Constraints for table `traffic_logs`
--
ALTER TABLE `traffic_logs`
  ADD CONSTRAINT `traffic_logs_ibfk_1` FOREIGN KEY (`user_id`) REFERENCES `users` (`id`) ON DELETE CASCADE;
COMMIT;

/*!40101 SET CHARACTER_SET_CLIENT=@OLD_CHARACTER_SET_CLIENT */;
/*!40101 SET CHARACTER_SET_RESULTS=@OLD_CHARACTER_SET_RESULTS */;
/*!40101 SET COLLATION_CONNECTION=@OLD_COLLATION_CONNECTION */;
